date,day_of_week,week_iso,avg_heart_rate,min_heart_rate,max_heart_rate,resting_heart_rate,hrv_mean,total_steps,total_distance_km,active_energy_kcal,basal_energy_kcal,flights_climbed,exercise_minutes,stand_hours,avg_blood_oxygen,avg_respiratory_rate,body_mass_kg,vo2max,sleep_hours,workout_count,workout_minutes,description
2025-04-14,Monday,2025-W16,,,,,,,,,,,,,97.0,15.5,,,1.4,0,0,"Monday, 2025-04-14. Slept 1.4 hours. SpO2 97.0%."
2025-04-15,Tuesday,2025-W16,66.5,52.0,81.0,56.0,53.8,13947,10.05,536.3,2010.3,,,,96.0,16.0,,,11.0,1,43.9,"Tuesday, 2025-04-15. 13,947 steps. Average HR 66.5 bpm. Resting HR 56.0 bpm. HRV 53.8 ms. Slept 11.0 hours. Burned 536 active kcal. 1 workout(s), 43 minutes total. SpO2 96.0%."
2025-04-16,Wednesday,2025-W16,71.0,55.0,85.0,59.0,57.6,10178,7.33,286.9,2064.3,16,,,100.0,13.2,,,3.1,1,23.1,"Wednesday, 2025-04-16. 10,178 steps. Average HR 71.0 bpm. Resting HR 59.0 bpm. HRV 57.6 ms. Slept 3.1 hours. Burned 286 active kcal. 1 workout(s), 23 minutes total. SpO2 100.0%."
2025-04-17,Thursday,2025-W16,66.0,51.0,81.0,54.0,58.3,11786,8.49,500.2,2041.1,,,,98.0,11.8,,,6.6,1,41.6,"Thursday, 2025-04-17. 11,786 steps. Average HR 66.0 bpm. Resting HR 54.0 bpm. HRV 58.3 ms. Slept 6.6 hours. Burned 500 active kcal. 1 workout(s), 41 minutes total. SpO2 98.0%."
2025-04-18,Friday,2025-W16,69.6,52.0,87.0,59.0,49.8,9178,6.61,603.4,2085.2,4,,,,15.1,,,8.3,0,0,"Friday, 2025-04-18. 9,178 steps. Average HR 69.6 bpm. Resting HR 59.0 bpm. HRV 49.8 ms. Slept 8.3 hours. Burned 603 active kcal."
2025-04-19,Saturday,2025-W16,62.5,47.0,82.0,53.0,81.6,10932,7.88,603.6,2055.2,,,,98.0,,,,6.7,1,85.2,"Saturday, 2025-04-19. 10,932 steps. Average HR 62.5 bpm. Resting HR 53.0 bpm. HRV 81.6 ms. Slept 6.7 hours. Burned 603 active kcal. 1 workout(s), 85 minutes total. SpO2 98.0%."
2025-04-20,Sunday,2025-W16,66.5,51.0,78.0,56.0,52.2,5600,4.04,310.3,1996.0,13,,,96.0,16.7,,42.1,13.0,0,0,"Sunday, 2025-04-20. 5,600 steps. Average HR 66.5 bpm. Resting HR 56.0 bpm. HRV 52.2 ms. Slept 13.0 hours. Burned 310 active kcal. SpO2 96.0%. VO2max 42.1."
2025-04-21,Monday,2025-W17,67.3,52.0,83.0,57.0,69.1,12460,8.98,556.6,2060.6,17,,,99.0,11.9,74.7,,6.6,1,53.9,"Monday, 2025-04-21. 12,460 steps. Average HR 67.3 bpm. Resting HR 57.0 bpm. HRV 69.1 ms. Slept 6.6 hours. Burned 556 active kcal. 1 workout(s), 53 minutes total. SpO2 99.0%."
2025-04-22,Tuesday,2025-W17,73.4,59.0,90.0,63.0,48.4,12780,9.21,465.2,2029.8,4,,,93.0,13.3,,,7.4,1,66.9,"Tuesday, 2025-04-22. 12,780 steps. Average HR 73.4 bpm. Resting HR 63.0 bpm. HRV 48.4 ms. Slept 7.4 hours. Burned 465 active kcal. 1 workout(s), 66 minutes total. SpO2 93.0%."
2025-04-23,Wednesday,2025-W17,64.9,51.0,82.0,55.0,64.0,7765,5.59,255.4,2083.3,5,,,99.0,18.6,,,3.4,1,37.5,"Wednesday, 2025-04-23. 7,765 steps. Average HR 64.9 bpm. Resting HR 55.0 bpm. HRV 64.0 ms. Slept 3.4 hours. Burned 255 active kcal. 1 workout(s), 37 minutes total. SpO2 99.0%."
2025-04-24,Thursday,2025-W17,65.9,47.0,83.0,56.0,52.1,11191,8.06,530.8,2000.5,5,,,96.0,15.6,,,11.4,0,0,"Thursday, 2025-04-24. 11,191 steps. Average HR 65.9 bpm. Resting HR 56.0 bpm. HRV 52.1 ms. Slept 11.4 hours. Burned 530 active kcal. SpO2 96.0%."
2025-04-25,Friday,2025-W17,64.7,50.0,79.0,53.0,49.5,12171,8.77,556.3,1998.6,18,,,,16.6,74.2,,3.0,1,60.9,"Friday, 2025-04-25. 12,171 steps. Average HR 64.7 bpm. Resting HR 53.0 bpm. HRV 49.5 ms. Slept 3.0 hours. Burned 556 active kcal. 1 workout(s), 60 minutes total."
2025-04-26,Saturday,2025-W17,66.4,53.0,85.0,55.0,69.2,11971,8.62,588.6,2049.2,,,,97.0,14.2,,,7.0,0,0,"Saturday, 2025-04-26. 11,971 steps. Average HR 66.4 bpm. Resting HR 55.0 bpm. HRV 69.2 ms. Slept 7.0 hours. Burned 588 active kcal. SpO2 97.0%."
2025-04-27,Sunday,2025-W17,63.4,51.0,80.0,52.0,50.0,6262,4.51,325.6,2039.9,,,,96.0,18.3,,42.1,12.2,0,0,"Sunday, 2025-04-27. 6,262 steps. Average HR 63.4 bpm. Resting HR 52.0 bpm. HRV 50.0 ms. Slept 12.2 hours. Burned 325 active kcal. SpO2 96.0%. VO2max 42.1."
2025-04-28,Monday,2025-W18,69.1,54.0,83.0,59.0,63.9,8383,6.04,597.1,2048.7,5,,,98.0,14.5,74.1,,3.7,1,37.9,"Monday, 2025-04-28. 8,383 steps. Average HR 69.1 bpm. Resting HR 59.0 bpm. HRV 63.9 ms. Slept 3.7 hours. Burned 597 active kcal. 1 workout(s), 37 minutes total. SpO2 98.0%."
2025-04-29,Tuesday,2025-W18,66.7,55.0,84.0,57.0,62.9,14871,10.71,506.7,2065.3,,,,96.0,14.8,,,7.1,1,46.3,"Tuesday, 2025-04-29. 14,871 steps. Average HR 66.7 bpm. Resting HR 57.0 bpm. HRV 62.9 ms. Slept 7.1 hours. Burned 506 active kcal. 1 workout(s), 46 minutes total. SpO2 96.0%."
2025-04-30,Wednesday,2025-W18,67.8,55.0,81.0,56.0,60.6,11361,8.19,402.4,2013.7,,,,95.0,17.3,,,9.2,0,0,"Wednesday, 2025-04-30. 11,361 steps. Average HR 67.8 bpm. Resting HR 56.0 bpm. HRV 60.6 ms. Slept 9.2 hours. Burned 402 active kcal. SpO2 95.0%."
2025-05-01,Thursday,2025-W18,68.1,54.0,84.0,58.0,57.7,12418,8.94,627.2,2016.9,18,,,97.0,16.4,,,7.6,1,68.9,"Thursday, 2025-05-01. 12,418 steps. Average HR 68.1 bpm. Resting HR 58.0 bpm. HRV 57.7 ms. Slept 7.6 hours. Burned 627 active kcal. 1 workout(s), 68 minutes total. SpO2 97.0%."
2025-05-02,Friday,2025-W18,70.1,55.0,83.0,59.0,61.2,10642,7.67,534.5,2052.7,5,,,,16.0,74.2,,2.1,1,64.3,"Friday, 2025-05-02. 10,642 steps. Average HR 70.1 bpm. Resting HR 59.0 bpm. HRV 61.2 ms. Slept 2.1 hours. Burned 534 active kcal. 1 workout(s), 64 minutes total."
2025-05-03,Saturday,2025-W18,68.2,52.0,87.0,57.0,53.8,14613,10.53,534.1,2003.0,2,,,97.0,14.5,,,8.6,1,61.3,"Saturday, 2025-05-03. 14,613 steps. Average HR 68.2 bpm. Resting HR 57.0 bpm. HRV 53.8 ms. Slept 8.6 hours. Burned 534 active kcal. 1 workout(s), 61 minutes total. SpO2 97.0%."
2025-05-04,Sunday,2025-W18,64.8,50.0,85.0,54.0,58.4,5580,4.02,284.3,1994.9,10,,,99.0,,,42.2,12.7,0,0,"Sunday, 2025-05-04. 5,580 steps. Average HR 64.8 bpm. Resting HR 54.0 bpm. HRV 58.4 ms. Slept 12.7 hours. Burned 284 active kcal. SpO2 99.0%. VO2max 42.2."
2025-05-05,Monday,2025-W19,63.1,45.0,79.0,52.0,70.0,10168,7.33,605.8,2000.6,12,,,96.0,11.9,,,3.3,1,42.0,"Monday, 2025-05-05. 10,168 steps. Average HR 63.1 bpm. Resting HR 52.0 bpm. HRV 70.0 ms. Slept 3.3 hours. Burned 605 active kcal. 1 workout(s), 42 minutes total. SpO2 96.0%."
2025-05-06,Tuesday,2025-W19,66.4,51.0,80.0,56.0,58.4,9273,6.68,553.2,2013.5,7,,,100.0,,,,6.8,1,60.4,"Tuesday, 2025-05-06. 9,273 steps. Average HR 66.4 bpm. Resting HR 56.0 bpm. HRV 58.4 ms. Slept 6.8 hours. Burned 553 active kcal. 1 workout(s), 60 minutes total. SpO2 100.0%."
2025-05-07,Wednesday,2025-W19,69.7,56.0,81.0,58.0,67.1,11125,8.02,288.1,1978.9,11,,,96.0,16.2,,,5.1,1,15.4,"Wednesday, 2025-05-07. 11,125 steps. Average HR 69.7 bpm. Resting HR 58.0 bpm. HRV 67.1 ms. Slept 5.1 hours. Burned 288 active kcal. 1 workout(s), 15 minutes total. SpO2 96.0%."
2025-05-08,Thursday,2025-W19,68.4,54.0,85.0,58.0,51.0,12484,8.99,507.4,2002.1,15,,,,15.3,,,10.6,1,58.8,"Thursday, 2025-05-08. 12,484 steps. Average HR 68.4 bpm. Resting HR 58.0 bpm. HRV 51.0 ms. Slept 10.6 hours. Burned 507 active kcal. 1 workout(s), 58 minutes total."
2025-05-09,Friday,2025-W19,64.8,50.0,83.0,55.0,56.2,9578,6.9,582.0,2015.0,2,,,,16.9,74.0,,1.6,1,22.4,"Friday, 2025-05-09. 9,578 steps. Average HR 64.8 bpm. Resting HR 55.0 bpm. HRV 56.2 ms. Slept 1.6 hours. Burned 582 active kcal. 1 workout(s), 22 minutes total."
2025-05-10,Saturday,2025-W19,65.9,54.0,79.0,56.0,52.0,7500,5.4,581.4,2038.5,9,,,96.0,,,,8.4,0,0,"Saturday, 2025-05-10. 7,500 steps. Average HR 65.9 bpm. Resting HR 56.0 bpm. HRV 52.0 ms. Slept 8.4 hours. Burned 581 active kcal. SpO2 96.0%."
2025-05-11,Sunday,2025-W19,64.6,48.0,81.0,54.0,68.5,5363,3.86,284.6,2008.2,14,,,96.5,,,42.2,11.2,0,0,"Sunday, 2025-05-11. 5,363 steps. Average HR 64.6 bpm. Resting HR 54.0 bpm. HRV 68.5 ms. Slept 11.2 hours. Burned 284 active kcal. SpO2 96.5%. VO2max 42.2."
2025-05-12,Monday,2025-W20,62.2,47.0,76.0,51.0,57.7,6019,4.34,547.6,2031.5,5,,,97.0,15.6,73.6,,6.9,1,47.4,"Monday, 2025-05-12. 6,019 steps. Average HR 62.2 bpm. Resting HR 51.0 bpm. HRV 57.7 ms. Slept 6.9 hours. Burned 547 active kcal. 1 workout(s), 47 minutes total. SpO2 97.0%."
2025-05-13,Tuesday,2025-W20,70.7,57.0,83.0,61.0,43.0,16636,11.98,530.3,2044.0,,,,,14.4,,,3.2,1,52.9,"Tuesday, 2025-05-13. 16,636 steps. Average HR 70.7 bpm. Resting HR 61.0 bpm. HRV 43.0 ms. Slept 3.2 hours. Burned 530 active kcal. 1 workout(s), 52 minutes total."
2025-05-14,Wednesday,2025-W20,71.6,56.0,85.0,60.0,50.6,10451,7.53,331.8,2060.7,8,,,99.0,13.8,,,12.5,1,15.8,"Wednesday, 2025-05-14. 10,451 steps. Average HR 71.6 bpm. Resting HR 60.0 bpm. HRV 50.6 ms. Slept 12.5 hours. Burned 331 active kcal. 1 workout(s), 15 minutes total. SpO2 99.0%."
2025-05-15,Thursday,2025-W20,65.5,51.0,82.0,54.0,62.0,14301,10.3,510.9,2031.1,,,,,13.4,,,3.1,1,50.3,"Thursday, 2025-05-15. 14,301 steps. Average HR 65.5 bpm. Resting HR 54.0 bpm. HRV 62.0 ms. Slept 3.1 hours. Burned 510 active kcal. 1 workout(s), 50 minutes total."
2025-05-16,Friday,2025-W20,64.8,53.0,80.0,54.0,53.5,14186,10.22,540.9,1985.8,2,,,,,73.3,,6.9,1,26.5,"Friday, 2025-05-16. 14,186 steps. Average HR 64.8 bpm. Resting HR 54.0 bpm. HRV 53.5 ms. Slept 6.9 hours. Burned 540 active kcal. 1 workout(s), 26 minutes total."
2025-05-17,Saturday,2025-W20,65.8,53.0,80.0,56.0,58.4,11613,8.36,580.9,2013.4,14,,,,11.7,,,6.9,1,48.2,"Saturday, 2025-05-17. 11,613 steps. Average HR 65.8 bpm. Resting HR 56.0 bpm. HRV 58.4 ms. Slept 6.9 hours. Burned 580 active kcal. 1 workout(s), 48 minutes total."
2025-05-18,Sunday,2025-W20,70.8,58.0,88.0,61.0,51.3,6567,4.73,413.8,2032.4,10,,,96.5,15.3,,42.3,7.5,0,0,"Sunday, 2025-05-18. 6,567 steps. Average HR 70.8 bpm. Resting HR 61.0 bpm. HRV 51.3 ms. Slept 7.5 hours. Burned 413 active kcal. SpO2 96.5%. VO2max 42.3."
2025-05-19,Monday,2025-W21,64.6,50.0,79.0,53.0,69.1,10870,7.83,469.6,2039.7,8,,,,17.2,73.3,,11.5,0,0,"Monday, 2025-05-19. 10,870 steps. Average HR 64.6 bpm. Resting HR 53.0 bpm. HRV 69.1 ms. Slept 11.5 hours. Burned 469 active kcal."
2025-05-20,Tuesday,2025-W21,65.8,54.0,79.0,55.0,61.4,10320,7.43,482.1,2008.2,17,,,98.0,,,,7.0,1,52.7,"Tuesday, 2025-05-20. 10,320 steps. Average HR 65.8 bpm. Resting HR 55.0 bpm. HRV 61.4 ms. Slept 7.0 hours. Burned 482 active kcal. 1 workout(s), 52 minutes total. SpO2 98.0%."
2025-05-21,Wednesday,2025-W21,67.0,50.0,85.0,56.0,48.4,8517,6.14,373.1,1935.0,13,,,96.0,,,,3.1,1,39.0,"Wednesday, 2025-05-21. 8,517 steps. Average HR 67.0 bpm. Resting HR 56.0 bpm. HRV 48.4 ms. Slept 3.1 hours. Burned 373 active kcal. 1 workout(s), 39 minutes total. SpO2 96.0%."
2025-05-22,Thursday,2025-W21,67.2,46.0,86.0,56.0,69.3,11537,8.31,533.1,2050.0,6,,,98.0,13.9,,,6.5,0,0,"Thursday, 2025-05-22. 11,537 steps. Average HR 67.2 bpm. Resting HR 56.0 bpm. HRV 69.3 ms. Slept 6.5 hours. Burned 533 active kcal. SpO2 98.0%."
2025-05-23,Friday,2025-W21,65.8,53.0,82.0,55.0,61.9,10845,7.81,506.9,2006.1,3,,,,14.9,73.4,,6.5,1,63.8,"Friday, 2025-05-23. 10,845 steps. Average HR 65.8 bpm. Resting HR 55.0 bpm. HRV 61.9 ms. Slept 6.5 hours. Burned 506 active kcal. 1 workout(s), 63 minutes total."
2025-05-24,Saturday,2025-W21,70.0,56.0,85.0,58.0,54.8,10754,7.75,472.1,2039.3,2,,,97.0,,,,5.1,1,83.9,"Saturday, 2025-05-24. 10,754 steps. Average HR 70.0 bpm. Resting HR 58.0 bpm. HRV 54.8 ms. Slept 5.1 hours. Burned 472 active kcal. 1 workout(s), 83 minutes total. SpO2 97.0%."
2025-05-25,Sunday,2025-W21,71.2,57.0,89.0,61.0,45.0,5526,3.98,290.2,2038.5,18,,,98.0,,,42.3,12.5,0,0,"Sunday, 2025-05-25. 5,526 steps. Average HR 71.2 bpm. Resting HR 61.0 bpm. HRV 45.0 ms. Slept 12.5 hours. Burned 290 active kcal. SpO2 98.0%. VO2max 42.3."
2025-05-26,Monday,2025-W22,64.8,50.0,84.0,54.0,64.7,8976,6.47,645.3,1996.4,13,,,97.0,,73.4,,5.8,1,25.6,"Monday, 2025-05-26. 8,976 steps. Average HR 64.8 bpm. Resting HR 54.0 bpm. HRV 64.7 ms. Slept 5.8 hours. Burned 645 active kcal. 1 workout(s), 25 minutes total. SpO2 97.0%."
2025-05-27,Tuesday,2025-W22,70.3,57.0,86.0,59.0,61.6,13554,9.76,599.4,2020.7,14,,,96.0,15.5,,,3.0,1,54.9,"Tuesday, 2025-05-27. 13,554 steps. Average HR 70.3 bpm. Resting HR 59.0 bpm. HRV 61.6 ms. Slept 3.0 hours. Burned 599 active kcal. 1 workout(s), 54 minutes total. SpO2 96.0%."
2025-05-28,Wednesday,2025-W22,70.6,58.0,85.0,60.0,45.8,7957,5.73,277.2,2038.2,14,,,98.0,,,,10.7,1,38.6,"Wednesday, 2025-05-28. 7,957 steps. Average HR 70.6 bpm. Resting HR 60.0 bpm. HRV 45.8 ms. Slept 10.7 hours. Burned 277 active kcal. 1 workout(s), 38 minutes total. SpO2 98.0%."
2025-05-29,Thursday,2025-W22,70.8,58.0,87.0,60.0,52.8,16420,11.83,544.9,2051.0,3,,,96.0,15.4,,,2.8,1,24.7,"Thursday, 2025-05-29. 16,420 steps. Average HR 70.8 bpm. Resting HR 60.0 bpm. HRV 52.8 ms. Slept 2.8 hours. Burned 544 active kcal. 1 workout(s), 24 minutes total. SpO2 96.0%."
2025-05-30,Friday,2025-W22,65.4,49.0,81.0,56.0,49.5,7874,5.67,503.1,2030.6,13,,,,,73.3,,5.9,0,0,"Friday, 2025-05-30. 7,874 steps. Average HR 65.4 bpm. Resting HR 56.0 bpm. HRV 49.5 ms. Slept 5.9 hours. Burned 503 active kcal."
2025-05-31,Saturday,2025-W22,65.1,47.0,81.0,54.0,73.2,8583,6.18,558.1,2020.3,14,,,96.0,,,,8.2,1,43.3,"Saturday, 2025-05-31. 8,583 steps. Average HR 65.1 bpm. Resting HR 54.0 bpm. HRV 73.2 ms. Slept 8.2 hours. Burned 558 active kcal. 1 workout(s), 43 minutes total. SpO2 96.0%."
2025-06-01,Sunday,2025-W22,66.1,52.0,82.0,55.0,48.8,6341,4.57,334.1,2020.3,14,,,98.0,13.6,,42.4,7.3,0,0,"Sunday, 2025-06-01. 6,341 steps. Average HR 66.1 bpm. Resting HR 55.0 bpm. HRV 48.8 ms. Slept 7.3 hours. Burned 334 active kcal. SpO2 98.0%. VO2max 42.4."
2025-06-02,Monday,2025-W23,70.8,55.0,86.0,59.0,63.7,7180,5.17,596.5,2009.4,15,,,96.0,,73.4,,6.6,0,0,"Monday, 2025-06-02. 7,180 steps. Average HR 70.8 bpm. Resting HR 59.0 bpm. HRV 63.7 ms. Slept 6.6 hours. Burned 596 active kcal. SpO2 96.0%."
2025-06-03,Tuesday,2025-W23,66.5,52.0,79.0,57.0,54.8,18567,13.37,587.4,2019.2,18,,,97.0,13.1,,,6.8,1,51.7,"Tuesday, 2025-06-03. 18,567 steps. Average HR 66.5 bpm. Resting HR 57.0 bpm. HRV 54.8 ms. Slept 6.8 hours. Burned 587 active kcal. 1 workout(s), 51 minutes total. SpO2 97.0%."
2025-06-04,Wednesday,2025-W23,72.9,59.0,89.0,62.0,59.3,14286,10.29,313.8,2032.6,,,,98.0,,,,6.5,1,22.9,"Wednesday, 2025-06-04. 14,286 steps. Average HR 72.9 bpm. Resting HR 62.0 bpm. HRV 59.3 ms. Slept 6.5 hours. Burned 313 active kcal. 1 workout(s), 22 minutes total. SpO2 98.0%."
2025-06-05,Thursday,2025-W23,67.4,56.0,83.0,56.0,48.8,13224,9.53,476.1,1980.3,3,,,96.0,,,,7.3,1,60.3,"Thursday, 2025-06-05. 13,224 steps. Average HR 67.4 bpm. Resting HR 56.0 bpm. HRV 48.8 ms. Slept 7.3 hours. Burned 476 active kcal. 1 workout(s), 60 minutes total. SpO2 96.0%."
2025-06-06,Friday,2025-W23,71.3,59.0,86.0,60.0,62.3,14938,10.76,547.8,2025.9,3,,,,16.3,73.5,,6.0,1,32.6,"Friday, 2025-06-06. 14,938 steps. Average HR 71.3 bpm. Resting HR 60.0 bpm. HRV 62.3 ms. Slept 6.0 hours. Burned 547 active kcal. 1 workout(s), 32 minutes total."
2025-06-07,Saturday,2025-W23,65.4,53.0,80.0,54.0,60.1,13425,9.67,566.3,2015.2,,,,98.0,15.5,,,8.7,1,37.8,"Saturday, 2025-06-07. 13,425 steps. Average HR 65.4 bpm. Resting HR 54.0 bpm. HRV 60.1 ms. Slept 8.7 hours. Burned 566 active kcal. 1 workout(s), 37 minutes total. SpO2 98.0%."
2025-06-08,Sunday,2025-W23,69.0,55.0,83.0,58.0,49.3,8179,5.89,340.2,2008.3,8,,,97.0,16.7,,42.5,9.7,0,0,"Sunday, 2025-06-08. 8,179 steps. Average HR 69.0 bpm. Resting HR 58.0 bpm. HRV 49.3 ms. Slept 9.7 hours. Burned 340 active kcal. SpO2 97.0%. VO2max 42.5."
2025-06-09,Monday,2025-W24,62.0,49.0,75.0,52.0,69.1,9128,6.58,493.7,2023.9,8,,,98.0,14.3,73.4,,11.0,1,34.1,"Monday, 2025-06-09. 9,128 steps. Average HR 62.0 bpm. Resting HR 52.0 bpm. HRV 69.1 ms. Slept 11.0 hours. Burned 493 active kcal. 1 workout(s), 34 minutes total. SpO2 98.0%."
2025-06-10,Tuesday,2025-W24,64.5,51.0,81.0,54.0,65.0,10939,7.88,581.8,1974.8,10,,,98.0,,,,7.1,1,41.9,"Tuesday, 2025-06-10. 10,939 steps. Average HR 64.5 bpm. Resting HR 54.0 bpm. HRV 65.0 ms. Slept 7.1 hours. Burned 581 active kcal. 1 workout(s), 41 minutes total. SpO2 98.0%."
2025-06-11,Wednesday,2025-W24,68.5,56.0,83.0,58.0,67.2,11624,8.37,351.1,1971.2,,,,98.0,16.2,,,3.2,1,10.0,"Wednesday, 2025-06-11. 11,624 steps. Average HR 68.5 bpm. Resting HR 58.0 bpm. HRV 67.2 ms. Slept 3.2 hours. Burned 351 active kcal. 1 workout(s), 10 minutes total. SpO2 98.0%."
2025-06-12,Thursday,2025-W24,68.5,55.0,84.0,57.0,51.2,16122,11.61,512.8,2062.4,9,,,97.0,15.1,,,11.5,1,43.2,"Thursday, 2025-06-12. 16,122 steps. Average HR 68.5 bpm. Resting HR 57.0 bpm. HRV 51.2 ms. Slept 11.5 hours. Burned 512 active kcal. 1 workout(s), 43 minutes total. SpO2 97.0%."
2025-06-13,Friday,2025-W24,66.4,48.0,80.0,55.0,56.6,10455,7.53,619.3,2016.2,14,,,,15.3,73.8,,3.6,1,53.6,"Friday, 2025-06-13. 10,455 steps. Average HR 66.4 bpm. Resting HR 55.0 bpm. HRV 56.6 ms. Slept 3.6 hours. Burned 619 active kcal. 1 workout(s), 53 minutes total."
2025-06-14,Saturday,2025-W24,67.9,55.0,82.0,57.0,59.3,9090,6.55,554.8,2025.8,18,,,,15.0,,,7.5,1,57.7,"Saturday, 2025-06-14. 9,090 steps. Average HR 67.9 bpm. Resting HR 57.0 bpm. HRV 59.3 ms. Slept 7.5 hours. Burned 554 active kcal. 1 workout(s), 57 minutes total."
2025-06-15,Sunday,2025-W24,69.5,52.0,83.0,59.0,52.7,6156,4.44,313.4,2040.2,11,,,98.0,,,,11.7,0,0,"Sunday, 2025-06-15. 6,156 steps. Average HR 69.5 bpm. Resting HR 59.0 bpm. HRV 52.7 ms. Slept 11.7 hours. Burned 313 active kcal. SpO2 98.0%."
2025-06-16,Monday,2025-W25,62.7,50.0,77.0,53.0,53.8,6756,4.87,551.0,2069.1,,,,97.0,,73.7,,3.6,0,0,"Monday, 2025-06-16. 6,756 steps. Average HR 62.7 bpm. Resting HR 53.0 bpm. HRV 53.8 ms. Slept 3.6 hours. Burned 551 active kcal. SpO2 97.0%."
2025-06-17,Tuesday,2025-W25,66.3,53.0,79.0,55.0,50.0,10872,7.83,600.7,2000.9,14,,,97.0,17.7,,,8.7,1,51.0,"Tuesday, 2025-06-17. 10,872 steps. Average HR 66.3 bpm. Resting HR 55.0 bpm. HRV 50.0 ms. Slept 8.7 hours. Burned 600 active kcal. 1 workout(s), 51 minutes total. SpO2 97.0%."
2025-06-18,Wednesday,2025-W25,66.1,52.0,80.0,55.0,52.7,10293,7.42,323.3,2012.9,15,,,97.0,,,,11.7,1,27.3,"Wednesday, 2025-06-18. 10,293 steps. Average HR 66.1 bpm. Resting HR 55.0 bpm. HRV 52.7 ms. Slept 11.7 hours. Burned 323 active kcal. 1 workout(s), 27 minutes total. SpO2 97.0%."
2025-06-19,Thursday,2025-W25,63.1,49.0,77.0,52.0,66.0,12676,9.13,523.3,1948.2,9,,,96.0,14.0,,,7.5,1,33.3,"Thursday, 2025-06-19. 12,676 steps. Average HR 63.1 bpm. Resting HR 52.0 bpm. HRV 66.0 ms. Slept 7.5 hours. Burned 523 active kcal. 1 workout(s), 33 minutes total. SpO2 96.0%."
2025-06-20,Friday,2025-W25,68.7,56.0,81.0,58.0,40.0,11430,8.23,564.2,2000.1,17,,,,,,,3.6,1,58.3,"Friday, 2025-06-20. 11,430 steps. Average HR 68.7 bpm. Resting HR 58.0 bpm. HRV 40.0 ms. Slept 3.6 hours. Burned 564 active kcal. 1 workout(s), 58 minutes total."
2025-06-21,Saturday,2025-W25,68.9,54.0,87.0,58.0,51.7,10356,7.46,498.9,2046.4,2,,,96.0,15.8,,,7.0,1,26.2,"Saturday, 2025-06-21. 10,356 steps. Average HR 68.9 bpm. Resting HR 58.0 bpm. HRV 51.7 ms. Slept 7.0 hours. Burned 498 active kcal. 1 workout(s), 26 minutes total. SpO2 96.0%."
2025-06-22,Sunday,2025-W25,67.3,49.0,84.0,56.0,50.8,6934,5.0,316.4,2040.1,12,,,100.0,16.4,,,11.8,0,0,"Sunday, 2025-06-22. 6,934 steps. Average HR 67.3 bpm. Resting HR 56.0 bpm. HRV 50.8 ms. Slept 11.8 hours. Burned 316 active kcal. SpO2 100.0%."
2025-06-23,Monday,2025-W26,63.1,45.0,81.0,53.0,76.2,9037,6.51,612.5,2052.9,,,,,16.2,73.6,,3.1,0,0,"Monday, 2025-06-23. 9,037 steps. Average HR 63.1 bpm. Resting HR 53.0 bpm. HRV 76.2 ms. Slept 3.1 hours. Burned 612 active kcal."
2025-06-24,Tuesday,2025-W26,65.7,52.0,83.0,54.0,58.7,14253,10.27,526.2,1987.7,,,,,14.9,,,7.0,1,31.0,"Tuesday, 2025-06-24. 14,253 steps. Average HR 65.7 bpm. Resting HR 54.0 bpm. HRV 58.7 ms. Slept 7.0 hours. Burned 526 active kcal. 1 workout(s), 31 minutes total."
2025-06-25,Wednesday,2025-W26,71.4,55.0,87.0,60.0,51.6,9300,6.7,309.8,1944.6,7,,,,,,,10.8,1,11.5,"Wednesday, 2025-06-25. 9,300 steps. Average HR 71.4 bpm. Resting HR 60.0 bpm. HRV 51.6 ms. Slept 10.8 hours. Burned 309 active kcal. 1 workout(s), 11 minutes total."
2025-06-26,Thursday,2025-W26,66.4,53.0,81.0,55.0,67.8,15377,11.07,546.5,2099.8,15,,,,15.3,,,6.3,0,0,"Thursday, 2025-06-26. 15,377 steps. Average HR 66.4 bpm. Resting HR 55.0 bpm. HRV 67.8 ms. Slept 6.3 hours. Burned 546 active kcal."
2025-06-27,Friday,2025-W26,68.7,57.0,83.0,57.0,65.2,8950,6.45,538.9,2027.2,6,,,,16.4,73.9,,3.1,0,0,"Friday, 2025-06-27. 8,950 steps. Average HR 68.7 bpm. Resting HR 57.0 bpm. HRV 65.2 ms. Slept 3.1 hours. Burned 538 active kcal."
2025-06-28,Saturday,2025-W26,66.5,54.0,80.0,55.0,55.2,12786,9.21,543.8,1982.2,8,,,96.0,15.8,,,7.5,1,65.7,"Saturday, 2025-06-28. 12,786 steps. Average HR 66.5 bpm. Resting HR 55.0 bpm. HRV 55.2 ms. Slept 7.5 hours. Burned 543 active kcal. 1 workout(s), 65 minutes total. SpO2 96.0%."
2025-06-29,Sunday,2025-W26,69.3,54.0,83.0,59.0,40.2,6756,4.87,319.7,2041.9,10,,,97.0,14.4,,,7.5,0,0,"Sunday, 2025-06-29. 6,756 steps. Average HR 69.3 bpm. Resting HR 59.0 bpm. HRV 40.2 ms. Slept 7.5 hours. Burned 319 active kcal. SpO2 97.0%."
2025-06-30,Monday,2025-W27,64.9,53.0,77.0,54.0,64.0,10049,7.24,536.3,1978.9,16,,,,14.5,,,11.4,0,0,"Monday, 2025-06-30. 10,049 steps. Average HR 64.9 bpm. Resting HR 54.0 bpm. HRV 64.0 ms. Slept 11.4 hours. Burned 536 active kcal."
2025-07-01,Tuesday,2025-W27,65.0,51.0,78.0,55.0,60.1,7083,5.1,579.4,2089.6,3,,,97.0,14.9,,,7.1,1,39.6,"Tuesday, 2025-07-01. 7,083 steps. Average HR 65.0 bpm. Resting HR 55.0 bpm. HRV 60.1 ms. Slept 7.1 hours. Burned 579 active kcal. 1 workout(s), 39 minutes total. SpO2 97.0%."
2025-07-02,Wednesday,2025-W27,69.3,53.0,83.0,58.0,58.3,8548,6.16,336.5,2072.1,2,,,97.0,15.6,,,6.6,1,71.7,"Wednesday, 2025-07-02. 8,548 steps. Average HR 69.3 bpm. Resting HR 58.0 bpm. HRV 58.3 ms. Slept 6.6 hours. Burned 336 active kcal. 1 workout(s), 71 minutes total. SpO2 97.0%."
2025-07-03,Thursday,2025-W27,67.0,52.0,82.0,56.0,53.0,10017,7.21,527.0,1964.8,11,,,97.0,,,,3.0,1,68.8,"Thursday, 2025-07-03. 10,017 steps. Average HR 67.0 bpm. Resting HR 56.0 bpm. HRV 53.0 ms. Slept 3.0 hours. Burned 527 active kcal. 1 workout(s), 68 minutes total. SpO2 97.0%."
2025-07-04,Friday,2025-W27,72.0,55.0,87.0,62.0,54.9,12416,8.94,657.7,2041.7,13,,,,16.2,74.2,,6.0,0,0,"Friday, 2025-07-04. 12,416 steps. Average HR 72.0 bpm. Resting HR 62.0 bpm. HRV 54.9 ms. Slept 6.0 hours. Burned 657 active kcal."
2025-07-05,Saturday,2025-W27,67.6,50.0,85.0,58.0,62.8,9050,6.52,497.7,2090.1,2,,,,,,,9.9,1,45.1,"Saturday, 2025-07-05. 9,050 steps. Average HR 67.6 bpm. Resting HR 58.0 bpm. HRV 62.8 ms. Slept 9.9 hours. Burned 497 active kcal. 1 workout(s), 45 minutes total."
2025-07-06,Sunday,2025-W27,66.8,49.0,80.0,55.0,59.8,8815,6.35,324.3,1985.4,12,,,97.0,13.8,,,10.1,0,0,"Sunday, 2025-07-06. 8,815 steps. Average HR 66.8 bpm. Resting HR 55.0 bpm. HRV 59.8 ms. Slept 10.1 hours. Burned 324 active kcal. SpO2 97.0%."
2025-07-07,Monday,2025-W28,70.5,58.0,84.0,59.0,53.7,11837,8.53,552.7,2002.7,12,,,,13.5,74.3,,6.2,1,42.6,"Monday, 2025-07-07. 11,837 steps. Average HR 70.5 bpm. Resting HR 59.0 bpm. HRV 53.7 ms. Slept 6.2 hours. Burned 552 active kcal. 1 workout(s), 42 minutes total."
2025-07-08,Tuesday,2025-W28,73.6,60.0,86.0,63.0,42.7,12034,8.67,512.3,1988.1,,,,98.0,,,,8.0,1,60.5,"Tuesday, 2025-07-08. 12,034 steps. Average HR 73.6 bpm. Resting HR 63.0 bpm. HRV 42.7 ms. Slept 8.0 hours. Burned 512 active kcal. 1 workout(s), 60 minutes total. SpO2 98.0%."
2025-07-09,Wednesday,2025-W28,70.8,57.0,88.0,60.0,43.8,11333,8.16,346.1,2018.7,11,,,96.0,15.7,,,6.9,1,20.2,"Wednesday, 2025-07-09. 11,333 steps. Average HR 70.8 bpm. Resting HR 60.0 bpm. HRV 43.8 ms. Slept 6.9 hours. Burned 346 active kcal. 1 workout(s), 20 minutes total. SpO2 96.0%."
2025-07-10,Thursday,2025-W28,62.4,46.0,79.0,52.0,67.0,11005,7.93,651.3,2024.2,,,,,18.0,,,3.0,1,34.8,"Thursday, 2025-07-10. 11,005 steps. Average HR 62.4 bpm. Resting HR 52.0 bpm. HRV 67.0 ms. Slept 3.0 hours. Burned 651 active kcal. 1 workout(s), 34 minutes total."
2025-07-11,Friday,2025-W28,69.8,56.0,87.0,59.0,55.1,10605,7.64,522.9,2051.0,3,,,,15.7,74.4,,6.9,1,32.2,"Friday, 2025-07-11. 10,605 steps. Average HR 69.8 bpm. Resting HR 59.0 bpm. HRV 55.1 ms. Slept 6.9 hours. Burned 522 active kcal. 1 workout(s), 32 minutes total."
2025-07-12,Saturday,2025-W28,66.2,56.0,80.0,56.0,56.9,11517,8.3,583.3,2069.6,3,,,95.0,,,,7.1,1,44.3,"Saturday, 2025-07-12. 11,517 steps. Average HR 66.2 bpm. Resting HR 56.0 bpm. HRV 56.9 ms. Slept 7.1 hours. Burned 583 active kcal. 1 workout(s), 44 minutes total. SpO2 95.0%."
2025-07-13,Sunday,2025-W28,67.1,55.0,83.0,55.0,40.1,6946,5.0,374.1,2021.3,9,,,96.5,18.6,,42.7,8.0,0,0,"Sunday, 2025-07-13. 6,946 steps. Average HR 67.1 bpm. Resting HR 55.0 bpm. HRV 40.1 ms. Slept 8.0 hours. Burned 374 active kcal. SpO2 96.5%. VO2max 42.7."
2025-07-14,Monday,2025-W29,63.2,49.0,77.0,53.0,79.5,13799,9.94,527.8,2028.8,6,,,99.0,14.4,74.1,,6.8,1,41.1,"Monday, 2025-07-14. 13,799 steps. Average HR 63.2 bpm. Resting HR 53.0 bpm. HRV 79.5 ms. Slept 6.8 hours. Burned 527 active kcal. 1 workout(s), 41 minutes total. SpO2 99.0%."
2025-07-15,Tuesday,2025-W29,68.0,57.0,81.0,57.0,53.8,11095,7.99,515.7,2080.1,6,,,98.0,,,,7.0,1,44.1,"Tuesday, 2025-07-15. 11,095 steps. Average HR 68.0 bpm. Resting HR 57.0 bpm. HRV 53.8 ms. Slept 7.0 hours. Burned 515 active kcal. 1 workout(s), 44 minutes total. SpO2 98.0%."
2025-07-16,Wednesday,2025-W29,72.6,59.0,84.0,61.0,64.7,8434,6.08,281.6,2025.9,,,,96.0,16.0,,,10.8,1,22.5,"Wednesday, 2025-07-16. 8,434 steps. Average HR 72.6 bpm. Resting HR 61.0 bpm. HRV 64.7 ms. Slept 10.8 hours. Burned 281 active kcal. 1 workout(s), 22 minutes total. SpO2 96.0%."
2025-07-17,Thursday,2025-W29,64.9,51.0,81.0,55.0,64.7,14941,10.76,529.5,2054.6,18,,,97.0,,,,7.3,1,65.8,"Thursday, 2025-07-17. 14,941 steps. Average HR 64.9 bpm. Resting HR 55.0 bpm. HRV 64.7 ms. Slept 7.3 hours. Burned 529 active kcal. 1 workout(s), 65 minutes total. SpO2 97.0%."
2025-07-18,Friday,2025-W29,70.5,58.0,86.0,59.0,64.8,9413,6.78,521.4,2038.6,,,,,14.2,,,3.1,1,41.5,"Friday, 2025-07-18. 9,413 steps. Average HR 70.5 bpm. Resting HR 59.0 bpm. HRV 64.8 ms. Slept 3.1 hours. Burned 521 active kcal. 1 workout(s), 41 minutes total."
2025-07-19,Saturday,2025-W29,69.2,57.0,86.0,58.0,65.8,10799,7.78,579.3,2037.6,15,,,97.0,,,,8.1,0,0,"Saturday, 2025-07-19. 10,799 steps. Average HR 69.2 bpm. Resting HR 58.0 bpm. HRV 65.8 ms. Slept 8.1 hours. Burned 579 active kcal. SpO2 97.0%."
2025-07-20,Sunday,2025-W29,69.2,57.0,87.0,58.0,66.7,6189,4.46,412.2,2007.9,,,,97.5,,,42.7,7.4,0,0,"Sunday, 2025-07-20. 6,189 steps. Average HR 69.2 bpm. Resting HR 58.0 bpm. HRV 66.7 ms. Slept 7.4 hours. Burned 412 active kcal. SpO2 97.5%. VO2max 42.7."
2025-07-21,Monday,2025-W30,65.4,50.0,79.0,55.0,63.9,11432,8.23,474.9,2095.9,3,,,97.0,16.2,74.3,,11.1,1,52.5,"Monday, 2025-07-21. 11,432 steps. Average HR 65.4 bpm. Resting HR 55.0 bpm. HRV 63.9 ms. Slept 11.1 hours. Burned 474 active kcal. 1 workout(s), 52 minutes total. SpO2 97.0%."
2025-07-22,Tuesday,2025-W30,64.7,51.0,80.0,54.0,60.7,11328,8.16,498.7,1985.3,4,,,95.0,15.4,,,7.0,1,64.6,"Tuesday, 2025-07-22. 11,328 steps. Average HR 64.7 bpm. Resting HR 54.0 bpm. HRV 60.7 ms. Slept 7.0 hours. Burned 498 active kcal. 1 workout(s), 64 minutes total. SpO2 95.0%."
2025-07-23,Wednesday,2025-W30,71.0,57.0,83.0,61.0,57.8,10180,7.33,327.9,2027.6,15,,,98.0,,,,6.3,1,31.2,"Wednesday, 2025-07-23. 10,180 steps. Average HR 71.0 bpm. Resting HR 61.0 bpm. HRV 57.8 ms. Slept 6.3 hours. Burned 327 active kcal. 1 workout(s), 31 minutes total. SpO2 98.0%."
2025-07-24,Thursday,2025-W30,67.8,52.0,85.0,56.0,66.2,13536,9.75,528.6,2006.4,17,,,,17.3,,,3.2,1,43.8,"Thursday, 2025-07-24. 13,536 steps. Average HR 67.8 bpm. Resting HR 56.0 bpm. HRV 66.2 ms. Slept 3.2 hours. Burned 528 active kcal. 1 workout(s), 43 minutes total."
2025-07-25,Friday,2025-W30,70.7,55.0,89.0,59.0,52.1,12737,9.17,626.7,2036.9,11,,,,16.4,74.2,,8.1,0,0,"Friday, 2025-07-25. 12,737 steps. Average HR 70.7 bpm. Resting HR 59.0 bpm. HRV 52.1 ms. Slept 8.1 hours. Burned 626 active kcal."
2025-07-26,Saturday,2025-W30,62.2,46.0,80.0,51.0,61.4,13253,9.55,566.9,2030.2,,,,97.0,13.4,,,7.8,1,78.0,"Saturday, 2025-07-26. 13,253 steps. Average HR 62.2 bpm. Resting HR 51.0 bpm. HRV 61.4 ms. Slept 7.8 hours. Burned 566 active kcal. 1 workout(s), 78 minutes total. SpO2 97.0%."
2025-07-27,Sunday,2025-W30,66.8,52.0,84.0,57.0,56.2,5677,4.09,360.1,2062.1,18,,,97.5,,,42.9,6.8,0,0,"Sunday, 2025-07-27. 5,677 steps. Average HR 66.8 bpm. Resting HR 57.0 bpm. HRV 56.2 ms. Slept 6.8 hours. Burned 360 active kcal. SpO2 97.5%. VO2max 42.9."
2025-07-28,Monday,2025-W31,65.3,52.0,87.0,55.0,55.3,8344,6.01,417.3,2073.9,18,,,,,74.4,,11.3,1,24.4,"Monday, 2025-07-28. 8,344 steps. Average HR 65.3 bpm. Resting HR 55.0 bpm. HRV 55.3 ms. Slept 11.3 hours. Burned 417 active kcal. 1 workout(s), 24 minutes total."
2025-07-29,Tuesday,2025-W31,67.7,58.0,80.0,57.0,58.0,13109,9.45,570.8,2017.4,4,,,99.0,14.4,,,6.8,1,61.4,"Tuesday, 2025-07-29. 13,109 steps. Average HR 67.7 bpm. Resting HR 57.0 bpm. HRV 58.0 ms. Slept 6.8 hours. Burned 570 active kcal. 1 workout(s), 61 minutes total. SpO2 99.0%."
2025-07-30,Wednesday,2025-W31,66.6,51.0,82.0,55.0,57.1,10519,7.58,333.9,1963.0,13,,,97.0,16.9,,,6.5,1,27.6,"Wednesday, 2025-07-30. 10,519 steps. Average HR 66.6 bpm. Resting HR 55.0 bpm. HRV 57.1 ms. Slept 6.5 hours. Burned 333 active kcal. 1 workout(s), 27 minutes total. SpO2 97.0%."
2025-07-31,Thursday,2025-W31,65.1,51.0,79.0,55.0,64.2,12959,9.33,466.7,2007.8,15,,,98.0,15.8,,,6.4,1,44.2,"Thursday, 2025-07-31. 12,959 steps. Average HR 65.1 bpm. Resting HR 55.0 bpm. HRV 64.2 ms. Slept 6.4 hours. Burned 466 active kcal. 1 workout(s), 44 minutes total. SpO2 98.0%."
2025-08-01,Friday,2025-W31,68.9,55.0,86.0,58.0,61.7,8402,6.05,470.2,1987.8,13,,,,,74.5,,1.4,1,31.2,"Friday, 2025-08-01. 8,402 steps. Average HR 68.9 bpm. Resting HR 58.0 bpm. HRV 61.7 ms. Slept 1.4 hours. Burned 470 active kcal. 1 workout(s), 31 minutes total."
2025-08-02,Saturday,2025-W31,72.3,58.0,88.0,62.0,54.1,16638,11.98,500.3,2017.6,5,,,96.0,12.6,,,9.1,1,39.9,"Saturday, 2025-08-02. 16,638 steps. Average HR 72.3 bpm. Resting HR 62.0 bpm. HRV 54.1 ms. Slept 9.1 hours. Burned 500 active kcal. 1 workout(s), 39 minutes total. SpO2 96.0%."
2025-08-03,Sunday,2025-W31,64.2,49.0,79.0,54.0,62.6,7710,5.56,265.7,2007.5,9,,,,16.8,,42.8,6.9,0,0,"Sunday, 2025-08-03. 7,710 steps. Average HR 64.2 bpm. Resting HR 54.0 bpm. HRV 62.6 ms. Slept 6.9 hours. Burned 265 active kcal. VO2max 42.8."
2025-08-04,Monday,2025-W32,63.2,50.0,83.0,53.0,62.1,5564,4.01,505.4,1997.3,17,,,97.0,,74.6,,5.2,1,17.6,"Monday, 2025-08-04. 5,564 steps. Average HR 63.2 bpm. Resting HR 53.0 bpm. HRV 62.1 ms. Slept 5.2 hours. Burned 505 active kcal. 1 workout(s), 17 minutes total. SpO2 97.0%."
2025-08-05,Tuesday,2025-W32,67.5,57.0,82.0,57.0,42.3,11006,7.93,554.5,2099.8,8,,,94.0,13.3,,,9.3,1,55.5,"Tuesday, 2025-08-05. 11,006 steps. Average HR 67.5 bpm. Resting HR 57.0 bpm. HRV 42.3 ms. Slept 9.3 hours. Burned 554 active kcal. 1 workout(s), 55 minutes total. SpO2 94.0%."
2025-08-06,Wednesday,2025-W32,67.8,56.0,84.0,57.0,51.9,13329,9.6,279.5,1999.5,12,,,,,,,2.8,0,0,"Wednesday, 2025-08-06. 13,329 steps. Average HR 67.8 bpm. Resting HR 57.0 bpm. HRV 51.9 ms. Slept 2.8 hours. Burned 279 active kcal."
2025-08-07,Thursday,2025-W32,67.5,49.0,80.0,56.0,54.4,11443,8.24,563.7,2028.2,7,,,96.0,,,,6.8,0,0,"Thursday, 2025-08-07. 11,443 steps. Average HR 67.5 bpm. Resting HR 56.0 bpm. HRV 54.4 ms. Slept 6.8 hours. Burned 563 active kcal. SpO2 96.0%."
2025-08-08,Friday,2025-W32,64.7,49.0,80.0,55.0,58.9,12058,8.69,520.2,2049.8,14,,,,,74.6,,6.9,0,0,"Friday, 2025-08-08. 12,058 steps. Average HR 64.7 bpm. Resting HR 55.0 bpm. HRV 58.9 ms. Slept 6.9 hours. Burned 520 active kcal."
2025-08-09,Saturday,2025-W32,65.1,53.0,83.0,54.0,67.1,11024,7.94,536.7,2009.3,4,,,98.0,,,,5.3,1,53.0,"Saturday, 2025-08-09. 11,024 steps. Average HR 65.1 bpm. Resting HR 54.0 bpm. HRV 67.1 ms. Slept 5.3 hours. Burned 536 active kcal. 1 workout(s), 53 minutes total. SpO2 98.0%."
2025-08-10,Sunday,2025-W32,67.2,52.0,84.0,58.0,53.7,5339,3.85,417.9,1998.8,4,,,98.0,,,42.9,9.5,0,0,"Sunday, 2025-08-10. 5,339 steps. Average HR 67.2 bpm. Resting HR 58.0 bpm. HRV 53.7 ms. Slept 9.5 hours. Burned 417 active kcal. SpO2 98.0%. VO2max 42.9."
2025-08-11,Monday,2025-W33,67.9,55.0,79.0,57.0,70.3,9107,6.56,467.6,2056.0,16,,,97.0,,74.6,,10.2,0,0,"Monday, 2025-08-11. 9,107 steps. Average HR 67.9 bpm. Resting HR 57.0 bpm. HRV 70.3 ms. Slept 10.2 hours. Burned 467 active kcal. SpO2 97.0%."
2025-08-12,Tuesday,2025-W33,65.4,49.0,80.0,54.0,60.1,12036,8.67,540.7,2004.2,12,,,95.0,14.3,,,6.4,1,60.5,"Tuesday, 2025-08-12. 12,036 steps. Average HR 65.4 bpm. Resting HR 54.0 bpm. HRV 60.1 ms. Slept 6.4 hours. Burned 540 active kcal. 1 workout(s), 60 minutes total. SpO2 95.0%."
2025-08-13,Wednesday,2025-W33,68.0,51.0,83.0,58.0,60.8,9901,7.13,369.4,2050.0,10,,,97.0,,,,6.2,1,38.0,"Wednesday, 2025-08-13. 9,901 steps. Average HR 68.0 bpm. Resting HR 58.0 bpm. HRV 60.8 ms. Slept 6.2 hours. Burned 369 active kcal. 1 workout(s), 38 minutes total. SpO2 97.0%."
2025-08-14,Thursday,2025-W33,69.0,53.0,87.0,59.0,52.0,9488,6.84,550.1,2014.9,16,,,99.0,,,,6.9,1,85.8,"Thursday, 2025-08-14. 9,488 steps. Average HR 69.0 bpm. Resting HR 59.0 bpm. HRV 52.0 ms. Slept 6.9 hours. Burned 550 active kcal. 1 workout(s), 85 minutes total. SpO2 99.0%."
2025-08-15,Friday,2025-W33,70.8,57.0,89.0,59.0,60.6,6242,4.5,561.4,2037.3,7,,,,15.3,74.7,,1.9,1,32.9,"Friday, 2025-08-15. 6,242 steps. Average HR 70.8 bpm. Resting HR 59.0 bpm. HRV 60.6 ms. Slept 1.9 hours. Burned 561 active kcal. 1 workout(s), 32 minutes total."
2025-08-16,Saturday,2025-W33,70.7,59.0,86.0,59.0,57.2,10375,7.47,482.9,2014.5,7,,,97.0,15.5,,,8.9,0,0,"Saturday, 2025-08-16. 10,375 steps. Average HR 70.7 bpm. Resting HR 59.0 bpm. HRV 57.2 ms. Slept 8.9 hours. Burned 482 active kcal. SpO2 97.0%."
2025-08-17,Sunday,2025-W33,65.6,52.0,81.0,54.0,52.6,6325,4.56,298.4,2036.2,17,,,97.0,,,42.9,8.2,0,0,"Sunday, 2025-08-17. 6,325 steps. Average HR 65.6 bpm. Resting HR 54.0 bpm. HRV 52.6 ms. Slept 8.2 hours. Burned 298 active kcal. SpO2 97.0%. VO2max 42.9."
2025-08-18,Monday,2025-W34,65.8,55.0,83.0,55.0,57.1,8152,5.87,483.1,2065.5,4,,,98.0,,74.8,,7.8,1,47.8,"Monday, 2025-08-18. 8,152 steps. Average HR 65.8 bpm. Resting HR 55.0 bpm. HRV 57.1 ms. Slept 7.8 hours. Burned 483 active kcal. 1 workout(s), 47 minutes total. SpO2 98.0%."
2025-08-19,Tuesday,2025-W34,65.3,50.0,82.0,54.0,58.1,13053,9.4,560.6,2021.5,,,,,15.7,,,7.4,1,57.3,"Tuesday, 2025-08-19. 13,053 steps. Average HR 65.3 bpm. Resting HR 54.0 bpm. HRV 58.1 ms. Slept 7.4 hours. Burned 560 active kcal. 1 workout(s), 57 minutes total."
2025-08-20,Wednesday,2025-W34,68.8,56.0,81.0,58.0,43.7,10305,7.42,336.0,2046.7,6,,,97.0,15.4,,,7.5,0,0,"Wednesday, 2025-08-20. 10,305 steps. Average HR 68.8 bpm. Resting HR 58.0 bpm. HRV 43.7 ms. Slept 7.5 hours. Burned 336 active kcal. SpO2 97.0%."
2025-08-21,Thursday,2025-W34,65.7,51.0,82.0,54.0,66.1,10911,7.86,448.8,2036.9,,,,99.0,16.9,,,7.8,1,50.9,"Thursday, 2025-08-21. 10,911 steps. Average HR 65.7 bpm. Resting HR 54.0 bpm. HRV 66.1 ms. Slept 7.8 hours. Burned 448 active kcal. 1 workout(s), 50 minutes total. SpO2 99.0%."
2025-08-22,Friday,2025-W34,64.8,52.0,79.0,54.0,63.4,11658,8.4,575.3,2067.8,5,,,,,74.8,,7.7,1,27.5,"Friday, 2025-08-22. 11,658 steps. Average HR 64.8 bpm. Resting HR 54.0 bpm. HRV 63.4 ms. Slept 7.7 hours. Burned 575 active kcal. 1 workout(s), 27 minutes total."
2025-08-23,Saturday,2025-W34,68.8,53.0,83.0,58.0,59.2,10249,7.38,558.9,2027.3,,,,97.0,14.0,,,7.4,1,62.3,"Saturday, 2025-08-23. 10,249 steps. Average HR 68.8 bpm. Resting HR 58.0 bpm. HRV 59.2 ms. Slept 7.4 hours. Burned 558 active kcal. 1 workout(s), 62 minutes total. SpO2 97.0%."
2025-08-24,Sunday,2025-W34,70.5,56.0,92.0,60.0,55.1,8454,6.09,405.0,1969.0,16,,,97.0,14.9,,43.0,12.8,0,0,"Sunday, 2025-08-24. 8,454 steps. Average HR 70.5 bpm. Resting HR 60.0 bpm. HRV 55.1 ms. Slept 12.8 hours. Burned 405 active kcal. SpO2 97.0%. VO2max 43.0."
2025-08-25,Monday,2025-W35,66.8,55.0,83.0,56.0,67.0,9004,6.49,410.9,2022.3,3,,,99.0,17.9,74.8,,2.9,1,16.2,"Monday, 2025-08-25. 9,004 steps. Average HR 66.8 bpm. Resting HR 56.0 bpm. HRV 67.0 ms. Slept 2.9 hours. Burned 410 active kcal. 1 workout(s), 16 minutes total. SpO2 99.0%."
2025-08-26,Tuesday,2025-W35,65.5,47.0,81.0,54.0,60.4,10552,7.6,542.7,2006.4,7,,,96.0,13.8,,,10.5,0,0,"Tuesday, 2025-08-26. 10,552 steps. Average HR 65.5 bpm. Resting HR 54.0 bpm. HRV 60.4 ms. Slept 10.5 hours. Burned 542 active kcal. SpO2 96.0%."
2025-08-27,Wednesday,2025-W35,66.1,52.0,81.0,57.0,54.1,8911,6.42,427.5,2002.0,5,,,96.0,17.4,,,7.7,1,13.9,"Wednesday, 2025-08-27. 8,911 steps. Average HR 66.1 bpm. Resting HR 57.0 bpm. HRV 54.1 ms. Slept 7.7 hours. Burned 427 active kcal. 1 workout(s), 13 minutes total. SpO2 96.0%."
2025-08-28,Thursday,2025-W35,70.0,57.0,86.0,60.0,51.9,13342,9.61,512.3,2077.2,18,,,97.0,16.3,,,3.3,1,33.2,"Thursday, 2025-08-28. 13,342 steps. Average HR 70.0 bpm. Resting HR 60.0 bpm. HRV 51.9 ms. Slept 3.3 hours. Burned 512 active kcal. 1 workout(s), 33 minutes total. SpO2 97.0%."
2025-08-29,Friday,2025-W35,62.9,45.0,76.0,52.0,56.9,9374,6.75,475.8,2063.0,5,,,,,,,7.7,1,43.3,"Friday, 2025-08-29. 9,374 steps. Average HR 62.9 bpm. Resting HR 52.0 bpm. HRV 56.9 ms. Slept 7.7 hours. Burned 475 active kcal. 1 workout(s), 43 minutes total."
2025-08-30,Saturday,2025-W35,67.2,56.0,84.0,56.0,68.4,11607,8.36,477.5,2067.3,6,,,97.0,12.0,,,6.5,1,29.2,"Saturday, 2025-08-30. 11,607 steps. Average HR 67.2 bpm. Resting HR 56.0 bpm. HRV 68.4 ms. Slept 6.5 hours. Burned 477 active kcal. 1 workout(s), 29 minutes total. SpO2 97.0%."
2025-08-31,Sunday,2025-W35,72.9,56.0,92.0,62.0,55.8,7383,5.32,319.8,2050.4,18,,,96.5,10.0,,43.1,9.2,0,0,"Sunday, 2025-08-31. 7,383 steps. Average HR 72.9 bpm. Resting HR 62.0 bpm. HRV 55.8 ms. Slept 9.2 hours. Burned 319 active kcal. SpO2 96.5%. VO2max 43.1."
2025-09-01,Monday,2025-W36,66.6,56.0,85.0,56.0,72.0,8527,6.14,457.2,1986.1,5,,,,14.8,74.7,,7.3,1,50.1,"Monday, 2025-09-01. 8,527 steps. Average HR 66.6 bpm. Resting HR 56.0 bpm. HRV 72.0 ms. Slept 7.3 hours. Burned 457 active kcal. 1 workout(s), 50 minutes total."
2025-09-02,Tuesday,2025-W36,70.0,57.0,87.0,59.0,52.1,7214,5.2,466.8,1996.7,7,,,96.0,14.1,,,7.2,0,0,"Tuesday, 2025-09-02. 7,214 steps. Average HR 70.0 bpm. Resting HR 59.0 bpm. HRV 52.1 ms. Slept 7.2 hours. Burned 466 active kcal. SpO2 96.0%."
2025-09-03,Wednesday,2025-W36,66.2,51.0,82.0,54.0,63.6,10664,7.68,371.8,1989.6,,,,97.0,15.2,,,8.1,1,16.9,"Wednesday, 2025-09-03. 10,664 steps. Average HR 66.2 bpm. Resting HR 54.0 bpm. HRV 63.6 ms. Slept 8.1 hours. Burned 371 active kcal. 1 workout(s), 16 minutes total. SpO2 97.0%."
2025-09-04,Thursday,2025-W36,65.3,52.0,80.0,55.0,69.6,13163,9.48,476.8,2024.3,9,,,94.0,17.0,,,6.3,1,42.4,"Thursday, 2025-09-04. 13,163 steps. Average HR 65.3 bpm. Resting HR 55.0 bpm. HRV 69.6 ms. Slept 6.3 hours. Burned 476 active kcal. 1 workout(s), 42 minutes total. SpO2 94.0%."
2025-09-05,Friday,2025-W36,67.4,50.0,79.0,56.0,54.3,8389,6.04,446.1,2032.0,3,,,,16.5,74.6,,7.3,1,58.2,"Friday, 2025-09-05. 8,389 steps. Average HR 67.4 bpm. Resting HR 56.0 bpm. HRV 54.3 ms. Slept 7.3 hours. Burned 446 active kcal. 1 workout(s), 58 minutes total."
2025-09-06,Saturday,2025-W36,62.8,48.0,75.0,53.0,57.2,7672,5.53,495.3,2002.1,9,,,97.0,15.0,,,7.0,0,0,"Saturday, 2025-09-06. 7,672 steps. Average HR 62.8 bpm. Resting HR 53.0 bpm. HRV 57.2 ms. Slept 7.0 hours. Burned 495 active kcal. SpO2 97.0%."
2025-09-07,Sunday,2025-W36,64.4,49.0,76.0,53.0,61.2,7676,5.53,255.5,2047.6,18,,,96.5,12.2,,,11.6,0,0,"Sunday, 2025-09-07. 7,676 steps. Average HR 64.4 bpm. Resting HR 53.0 bpm. HRV 61.2 ms. Slept 11.6 hours. Burned 255 active kcal. SpO2 96.5%."
2025-09-08,Monday,2025-W37,63.0,48.0,80.0,52.0,64.5,8953,6.45,490.5,2010.9,18,,,99.0,,74.7,,7.4,1,37.3,"Monday, 2025-09-08. 8,953 steps. Average HR 63.0 bpm. Resting HR 52.0 bpm. HRV 64.5 ms. Slept 7.4 hours. Burned 490 active kcal. 1 workout(s), 37 minutes total. SpO2 99.0%."
2025-09-09,Tuesday,2025-W37,63.2,46.0,78.0,52.0,67.4,10221,7.36,556.6,2028.0,15,,,95.0,16.7,,,3.5,1,37.8,"Tuesday, 2025-09-09. 10,221 steps. Average HR 63.2 bpm. Resting HR 52.0 bpm. HRV 67.4 ms. Slept 3.5 hours. Burned 556 active kcal. 1 workout(s), 37 minutes total. SpO2 95.0%."
2025-09-10,Wednesday,2025-W37,69.1,56.0,84.0,59.0,55.3,10625,7.65,375.1,2088.3,3,,,95.0,15.0,,,7.8,0,0,"Wednesday, 2025-09-10. 10,625 steps. Average HR 69.1 bpm. Resting HR 59.0 bpm. HRV 55.3 ms. Slept 7.8 hours. Burned 375 active kcal. SpO2 95.0%."
2025-09-11,Thursday,2025-W37,71.7,54.0,86.0,61.0,66.1,12998,9.36,508.3,2003.6,16,,,,,,,7.6,1,41.0,"Thursday, 2025-09-11. 12,998 steps. Average HR 71.7 bpm. Resting HR 61.0 bpm. HRV 66.1 ms. Slept 7.6 hours. Burned 508 active kcal. 1 workout(s), 41 minutes total."
2025-09-12,Friday,2025-W37,68.4,56.0,79.0,57.0,54.0,10519,7.58,435.9,2011.1,12,,,,16.7,74.5,,7.2,1,56.7,"Friday, 2025-09-12. 10,519 steps. Average HR 68.4 bpm. Resting HR 57.0 bpm. HRV 54.0 ms. Slept 7.2 hours. Burned 435 active kcal. 1 workout(s), 56 minutes total."
2025-09-13,Saturday,2025-W37,66.8,53.0,80.0,57.0,62.3,10927,7.87,560.1,1989.9,2,,,96.0,,,,8.9,1,79.8,"Saturday, 2025-09-13. 10,927 steps. Average HR 66.8 bpm. Resting HR 57.0 bpm. HRV 62.3 ms. Slept 8.9 hours. Burned 560 active kcal. 1 workout(s), 79 minutes total. SpO2 96.0%."
2025-09-14,Sunday,2025-W37,66.2,53.0,82.0,56.0,59.1,5659,4.08,352.7,2016.4,,,,98.0,15.1,,43.2,8.7,0,0,"Sunday, 2025-09-14. 5,659 steps. Average HR 66.2 bpm. Resting HR 56.0 bpm. HRV 59.1 ms. Slept 8.7 hours. Burned 352 active kcal. SpO2 98.0%. VO2max 43.2."
2025-09-15,Monday,2025-W38,62.8,49.0,76.0,52.0,58.6,9389,6.76,476.4,1992.6,15,,,,,,,7.0,1,28.0,"Monday, 2025-09-15. 9,389 steps. Average HR 62.8 bpm. Resting HR 52.0 bpm. HRV 58.6 ms. Slept 7.0 hours. Burned 476 active kcal. 1 workout(s), 28 minutes total."
2025-09-16,Tuesday,2025-W38,65.7,50.0,78.0,54.0,62.1,11014,7.93,534.9,1959.5,8,,,,15.4,,,10.3,1,53.4,"Tuesday, 2025-09-16. 11,014 steps. Average HR 65.7 bpm. Resting HR 54.0 bpm. HRV 62.1 ms. Slept 10.3 hours. Burned 534 active kcal. 1 workout(s), 53 minutes total."
2025-09-17,Wednesday,2025-W38,69.5,56.0,92.0,58.0,57.9,14263,10.27,314.6,2041.0,17,,,99.0,16.2,,,2.7,1,25.1,"Wednesday, 2025-09-17. 14,263 steps. Average HR 69.5 bpm. Resting HR 58.0 bpm. HRV 57.9 ms. Slept 2.7 hours. Burned 314 active kcal. 1 workout(s), 25 minutes total. SpO2 99.0%."
2025-09-18,Thursday,2025-W38,72.2,52.0,91.0,61.0,43.2,11700,8.43,425.1,2000.7,5,,,97.0,17.1,,,9.2,0,0,"Thursday, 2025-09-18. 11,700 steps. Average HR 72.2 bpm. Resting HR 61.0 bpm. HRV 43.2 ms. Slept 9.2 hours. Burned 425 active kcal. SpO2 97.0%."
2025-09-19,Friday,2025-W38,69.5,58.0,86.0,58.0,50.5,7870,5.67,413.8,2050.1,13,,,,16.4,74.1,,2.8,1,21.6,"Friday, 2025-09-19. 7,870 steps. Average HR 69.5 bpm. Resting HR 58.0 bpm. HRV 50.5 ms. Slept 2.8 hours. Burned 413 active kcal. 1 workout(s), 21 minutes total."
2025-09-20,Saturday,2025-W38,68.4,58.0,83.0,57.0,44.0,12649,9.11,490.9,2043.6,2,,,96.0,15.2,,,7.3,0,0,"Saturday, 2025-09-20. 12,649 steps. Average HR 68.4 bpm. Resting HR 57.0 bpm. HRV 44.0 ms. Slept 7.3 hours. Burned 490 active kcal. SpO2 96.0%."
2025-09-21,Sunday,2025-W38,63.3,49.0,78.0,52.0,69.1,8590,6.19,303.6,2002.5,7,,,97.5,16.4,,43.3,7.3,0,0,"Sunday, 2025-09-21. 8,590 steps. Average HR 63.3 bpm. Resting HR 52.0 bpm. HRV 69.1 ms. Slept 7.3 hours. Burned 303 active kcal. SpO2 97.5%. VO2max 43.3."
2025-09-22,Monday,2025-W39,64.6,48.0,78.0,54.0,60.2,9577,6.9,459.3,2002.4,8,,,100.0,17.6,74.0,,10.5,1,46.9,"Monday, 2025-09-22. 9,577 steps. Average HR 64.6 bpm. Resting HR 54.0 bpm. HRV 60.2 ms. Slept 10.5 hours. Burned 459 active kcal. 1 workout(s), 46 minutes total. SpO2 100.0%."
2025-09-23,Tuesday,2025-W39,66.1,55.0,86.0,55.0,64.0,11344,8.17,523.9,2041.6,11,,,97.0,,,,3.0,0,0,"Tuesday, 2025-09-23. 11,344 steps. Average HR 66.1 bpm. Resting HR 55.0 bpm. HRV 64.0 ms. Slept 3.0 hours. Burned 523 active kcal. SpO2 97.0%."
2025-09-24,Wednesday,2025-W39,67.1,53.0,82.0,56.0,48.7,8432,6.08,265.7,2006.1,,,,98.0,,,,6.4,1,17.1,"Wednesday, 2025-09-24. 8,432 steps. Average HR 67.1 bpm. Resting HR 56.0 bpm. HRV 48.7 ms. Slept 6.4 hours. Burned 265 active kcal. 1 workout(s), 17 minutes total. SpO2 98.0%."
2025-09-25,Thursday,2025-W39,66.8,55.0,82.0,56.0,57.9,11122,8.01,401.4,2037.3,5,,,97.0,15.2,,,10.2,1,16.2,"Thursday, 2025-09-25. 11,122 steps. Average HR 66.8 bpm. Resting HR 56.0 bpm. HRV 57.9 ms. Slept 10.2 hours. Burned 401 active kcal. 1 workout(s), 16 minutes total. SpO2 97.0%."
2025-09-26,Friday,2025-W39,66.5,52.0,82.0,55.0,63.6,11882,8.56,545.8,2005.8,,,,,13.8,74.0,,1.8,1,61.1,"Friday, 2025-09-26. 11,882 steps. Average HR 66.5 bpm. Resting HR 55.0 bpm. HRV 63.6 ms. Slept 1.8 hours. Burned 545 active kcal. 1 workout(s), 61 minutes total."
2025-09-27,Saturday,2025-W39,66.9,56.0,83.0,57.0,72.3,7503,5.41,456.7,2001.5,8,,,,15.4,,,9.4,1,51.3,"Saturday, 2025-09-27. 7,503 steps. Average HR 66.9 bpm. Resting HR 57.0 bpm. HRV 72.3 ms. Slept 9.4 hours. Burned 456 active kcal. 1 workout(s), 51 minutes total."
2025-09-28,Sunday,2025-W39,66.2,50.0,80.0,54.0,70.6,6749,4.86,319.5,2026.4,2,,,97.0,,,43.3,10.3,0,0,"Sunday, 2025-09-28. 6,749 steps. Average HR 66.2 bpm. Resting HR 54.0 bpm. HRV 70.6 ms. Slept 10.3 hours. Burned 319 active kcal. SpO2 97.0%. VO2max 43.3."
2025-09-29,Monday,2025-W40,64.5,51.0,83.0,54.0,58.5,11727,8.45,486.4,1981.0,2,,,98.0,15.4,,,7.3,0,0,"Monday, 2025-09-29. 11,727 steps. Average HR 64.5 bpm. Resting HR 54.0 bpm. HRV 58.5 ms. Slept 7.3 hours. Burned 486 active kcal. SpO2 98.0%."
2025-09-30,Tuesday,2025-W40,72.3,61.0,88.0,62.0,55.5,12390,8.93,485.2,1987.2,2,,,96.0,,,,3.3,0,0,"Tuesday, 2025-09-30. 12,390 steps. Average HR 72.3 bpm. Resting HR 62.0 bpm. HRV 55.5 ms. Slept 3.3 hours. Burned 485 active kcal. SpO2 96.0%."
2025-10-01,Wednesday,2025-W40,65.8,54.0,80.0,55.0,60.0,9217,6.64,195.5,2034.7,12,,,,17.7,,,10.9,1,13.2,"Wednesday, 2025-10-01. 9,217 steps. Average HR 65.8 bpm. Resting HR 55.0 bpm. HRV 60.0 ms. Slept 10.9 hours. Burned 195 active kcal. 1 workout(s), 13 minutes total."
2025-10-02,Thursday,2025-W40,66.8,52.0,84.0,57.0,78.9,8989,6.47,496.9,1967.7,17,,,98.0,15.2,,,3.2,1,36.6,"Thursday, 2025-10-02. 8,989 steps. Average HR 66.8 bpm. Resting HR 57.0 bpm. HRV 78.9 ms. Slept 3.2 hours. Burned 496 active kcal. 1 workout(s), 36 minutes total. SpO2 98.0%."
2025-10-03,Friday,2025-W40,65.8,49.0,84.0,55.0,53.6,7325,5.28,483.5,2074.5,,,,,14.0,73.4,,6.4,1,47.8,"Friday, 2025-10-03. 7,325 steps. Average HR 65.8 bpm. Resting HR 55.0 bpm. HRV 53.6 ms. Slept 6.4 hours. Burned 483 active kcal. 1 workout(s), 47 minutes total."
2025-10-04,Saturday,2025-W40,65.1,50.0,74.0,55.0,54.9,11735,8.45,471.5,2031.5,,,,97.0,16.3,,,8.2,1,53.6,"Saturday, 2025-10-04. 11,735 steps. Average HR 65.1 bpm. Resting HR 55.0 bpm. HRV 54.9 ms. Slept 8.2 hours. Burned 471 active kcal. 1 workout(s), 53 minutes total. SpO2 97.0%."
2025-10-05,Sunday,2025-W40,63.4,52.0,78.0,53.0,53.8,6988,5.04,310.7,2056.5,9,,,97.0,14.8,,,9.5,0,0,"Sunday, 2025-10-05. 6,988 steps. Average HR 63.4 bpm. Resting HR 53.0 bpm. HRV 53.8 ms. Slept 9.5 hours. Burned 310 active kcal. SpO2 97.0%."
2025-10-06,Monday,2025-W41,68.1,55.0,83.0,58.0,38.2,9133,6.58,432.0,2060.7,2,,,,15.2,73.6,,2.5,1,38.6,"Monday, 2025-10-06. 9,133 steps. Average HR 68.1 bpm. Resting HR 58.0 bpm. HRV 38.2 ms. Slept 2.5 hours. Burned 432 active kcal. 1 workout(s), 38 minutes total."
2025-10-07,Tuesday,2025-W41,71.2,59.0,90.0,61.0,41.8,12845,9.25,497.0,1979.1,9,,,98.0,12.9,,,7.2,1,47.1,"Tuesday, 2025-10-07. 12,845 steps. Average HR 71.2 bpm. Resting HR 61.0 bpm. HRV 41.8 ms. Slept 7.2 hours. Burned 497 active kcal. 1 workout(s), 47 minutes total. SpO2 98.0%."
2025-10-08,Wednesday,2025-W41,69.2,54.0,86.0,58.0,53.3,11209,8.08,302.8,2027.3,16,,,98.0,15.7,,,8.0,1,21.8,"Wednesday, 2025-10-08. 11,209 steps. Average HR 69.2 bpm. Resting HR 58.0 bpm. HRV 53.3 ms. Slept 8.0 hours. Burned 302 active kcal. 1 workout(s), 21 minutes total. SpO2 98.0%."
2025-10-09,Thursday,2025-W41,66.3,47.0,80.0,56.0,61.3,12033,8.67,393.0,2003.2,17,,,,13.1,,,7.3,1,42.4,"Thursday, 2025-10-09. 12,033 steps. Average HR 66.3 bpm. Resting HR 56.0 bpm. HRV 61.3 ms. Slept 7.3 hours. Burned 393 active kcal. 1 workout(s), 42 minutes total."
2025-10-10,Friday,2025-W41,64.1,53.0,77.0,53.0,60.7,8992,6.48,435.3,2052.4,7,,,,13.8,73.5,,5.7,1,45.5,"Friday, 2025-10-10. 8,992 steps. Average HR 64.1 bpm. Resting HR 53.0 bpm. HRV 60.7 ms. Slept 5.7 hours. Burned 435 active kcal. 1 workout(s), 45 minutes total."
2025-10-11,Saturday,2025-W41,67.4,54.0,81.0,57.0,52.5,8705,6.27,465.6,2024.5,,,,96.0,13.3,,,8.8,1,21.4,"Saturday, 2025-10-11. 8,705 steps. Average HR 67.4 bpm. Resting HR 57.0 bpm. HRV 52.5 ms. Slept 8.8 hours. Burned 465 active kcal. 1 workout(s), 21 minutes total. SpO2 96.0%."
2025-10-12,Sunday,2025-W41,65.1,54.0,81.0,54.0,57.0,5651,4.07,313.8,1980.7,6,,,97.0,12.1,,,11.2,0,0,"Sunday, 2025-10-12. 5,651 steps. Average HR 65.1 bpm. Resting HR 54.0 bpm. HRV 57.0 ms. Slept 11.2 hours. Burned 313 active kcal. SpO2 97.0%."
2025-10-13,Monday,2025-W42,63.5,50.0,78.0,52.0,62.1,6324,4.56,501.1,2011.1,6,,,,14.7,73.7,,3.2,1,21.4,"Monday, 2025-10-13. 6,324 steps. Average HR 63.5 bpm. Resting HR 52.0 bpm. HRV 62.1 ms. Slept 3.2 hours. Burned 501 active kcal. 1 workout(s), 21 minutes total."
2025-10-14,Tuesday,2025-W42,68.3,53.0,82.0,58.0,68.2,13362,9.63,513.7,2001.7,5,,,96.0,17.2,,,7.1,0,0,"Tuesday, 2025-10-14. 13,362 steps. Average HR 68.3 bpm. Resting HR 58.0 bpm. HRV 68.2 ms. Slept 7.1 hours. Burned 513 active kcal. SpO2 96.0%."
2025-10-15,Wednesday,2025-W42,64.0,51.0,78.0,54.0,70.0,8282,5.97,330.9,2000.1,3,,,,14.7,,,11.0,1,23.8,"Wednesday, 2025-10-15. 8,282 steps. Average HR 64.0 bpm. Resting HR 54.0 bpm. HRV 70.0 ms. Slept 11.0 hours. Burned 330 active kcal. 1 workout(s), 23 minutes total."
2025-10-16,Thursday,2025-W42,66.5,50.0,79.0,55.0,56.9,11956,8.61,521.5,2059.9,11,,,,13.5,,,2.7,1,54.3,"Thursday, 2025-10-16. 11,956 steps. Average HR 66.5 bpm. Resting HR 55.0 bpm. HRV 56.9 ms. Slept 2.7 hours. Burned 521 active kcal. 1 workout(s), 54 minutes total."
2025-10-17,Friday,2025-W42,68.2,57.0,86.0,57.0,56.2,8061,5.81,503.4,2036.8,16,,,,18.0,,,7.9,1,33.8,"Friday, 2025-10-17. 8,061 steps. Average HR 68.2 bpm. Resting HR 57.0 bpm. HRV 56.2 ms. Slept 7.9 hours. Burned 503 active kcal. 1 workout(s), 33 minutes total."
2025-10-18,Saturday,2025-W42,67.5,50.0,83.0,57.0,52.9,6869,4.95,503.1,1999.3,6,,,97.0,,,,8.7,1,65.5,"Saturday, 2025-10-18. 6,869 steps. Average HR 67.5 bpm. Resting HR 57.0 bpm. HRV 52.9 ms. Slept 8.7 hours. Burned 503 active kcal. 1 workout(s), 65 minutes total. SpO2 97.0%."
2025-10-19,Sunday,2025-W42,66.8,53.0,82.0,56.0,59.3,5158,3.72,236.6,1989.5,13,,,96.0,13.5,,43.6,7.8,0,0,"Sunday, 2025-10-19. 5,158 steps. Average HR 66.8 bpm. Resting HR 56.0 bpm. HRV 59.3 ms. Slept 7.8 hours. Burned 236 active kcal. SpO2 96.0%. VO2max 43.6."
2025-10-20,Monday,2025-W43,68.9,57.0,85.0,58.0,70.4,6100,4.4,529.3,2000.0,7,,,97.0,16.2,73.6,,11.0,1,57.7,"Monday, 2025-10-20. 6,100 steps. Average HR 68.9 bpm. Resting HR 58.0 bpm. HRV 70.4 ms. Slept 11.0 hours. Burned 529 active kcal. 1 workout(s), 57 minutes total. SpO2 97.0%."
2025-10-21,Tuesday,2025-W43,70.8,57.0,88.0,60.0,55.2,11568,8.33,561.0,1969.0,12,,,97.0,15.5,,,6.5,1,33.1,"Tuesday, 2025-10-21. 11,568 steps. Average HR 70.8 bpm. Resting HR 60.0 bpm. HRV 55.2 ms. Slept 6.5 hours. Burned 561 active kcal. 1 workout(s), 33 minutes total. SpO2 97.0%."
2025-10-22,Wednesday,2025-W43,68.6,54.0,86.0,58.0,60.5,7635,5.5,296.7,1979.9,,,,97.0,13.4,,,3.2,1,27.5,"Wednesday, 2025-10-22. 7,635 steps. Average HR 68.6 bpm. Resting HR 58.0 bpm. HRV 60.5 ms. Slept 3.2 hours. Burned 296 active kcal. 1 workout(s), 27 minutes total. SpO2 97.0%."
2025-10-23,Thursday,2025-W43,67.9,49.0,90.0,56.0,44.8,12389,8.93,481.6,2012.7,15,,,,15.7,,,6.2,0,0,"Thursday, 2025-10-23. 12,389 steps. Average HR 67.9 bpm. Resting HR 56.0 bpm. HRV 44.8 ms. Slept 6.2 hours. Burned 481 active kcal."
2025-10-24,Friday,2025-W43,63.9,50.0,81.0,53.0,55.5,8446,6.08,518.7,2058.4,,,,,,73.8,,8.3,0,0,"Friday, 2025-10-24. 8,446 steps. Average HR 63.9 bpm. Resting HR 53.0 bpm. HRV 55.5 ms. Slept 8.3 hours. Burned 518 active kcal."
2025-10-25,Saturday,2025-W43,62.4,47.0,76.0,52.0,66.9,9791,7.05,489.8,2024.1,9,,,99.0,,,,8.0,1,44.2,"Saturday, 2025-10-25. 9,791 steps. Average HR 62.4 bpm. Resting HR 52.0 bpm. HRV 66.9 ms. Slept 8.0 hours. Burned 489 active kcal. 1 workout(s), 44 minutes total. SpO2 99.0%."
2025-10-26,Sunday,2025-W43,63.1,48.0,79.0,52.0,60.8,6081,4.38,204.6,2005.0,,,,97.0,16.3,,,10.5,0,0,"Sunday, 2025-10-26. 6,081 steps. Average HR 63.1 bpm. Resting HR 52.0 bpm. HRV 60.8 ms. Slept 10.5 hours. Burned 204 active kcal. SpO2 97.0%."
2025-10-27,Monday,2025-W44,69.1,55.0,82.0,58.0,54.1,11340,8.17,496.5,2022.2,,,,93.0,15.4,73.8,,2.8,0,0,"Monday, 2025-10-27. 11,340 steps. Average HR 69.1 bpm. Resting HR 58.0 bpm. HRV 54.1 ms. Slept 2.8 hours. Burned 496 active kcal. SpO2 93.0%."
2025-10-28,Tuesday,2025-W44,65.9,50.0,81.0,56.0,57.7,10485,7.55,519.5,2054.9,9,,,97.0,,,,6.1,0,0,"Tuesday, 2025-10-28. 10,485 steps. Average HR 65.9 bpm. Resting HR 56.0 bpm. HRV 57.7 ms. Slept 6.1 hours. Burned 519 active kcal. SpO2 97.0%."
2025-10-29,Wednesday,2025-W44,68.8,55.0,83.0,58.0,55.7,8191,5.9,339.2,2028.0,4,,,,14.8,,,10.6,1,27.7,"Wednesday, 2025-10-29. 8,191 steps. Average HR 68.8 bpm. Resting HR 58.0 bpm. HRV 55.7 ms. Slept 10.6 hours. Burned 339 active kcal. 1 workout(s), 27 minutes total."
2025-10-30,Thursday,2025-W44,66.3,47.0,85.0,56.0,40.0,13216,9.52,392.6,1919.7,2,,,97.0,15.8,,,6.4,1,26.3,"Thursday, 2025-10-30. 13,216 steps. Average HR 66.3 bpm. Resting HR 56.0 bpm. HRV 40.0 ms. Slept 6.4 hours. Burned 392 active kcal. 1 workout(s), 26 minutes total. SpO2 97.0%."
2025-10-31,Friday,2025-W44,69.1,55.0,85.0,59.0,58.3,8654,6.24,519.1,2005.8,17,,,,14.7,73.5,,2.7,1,46.5,"Friday, 2025-10-31. 8,654 steps. Average HR 69.1 bpm. Resting HR 59.0 bpm. HRV 58.3 ms. Slept 2.7 hours. Burned 519 active kcal. 1 workout(s), 46 minutes total."
2025-11-01,Saturday,2025-W44,73.6,60.0,87.0,63.0,60.1,10758,7.75,471.5,1984.4,12,,,97.0,,,,7.9,1,42.3,"Saturday, 2025-11-01. 10,758 steps. Average HR 73.6 bpm. Resting HR 63.0 bpm. HRV 60.1 ms. Slept 7.9 hours. Burned 471 active kcal. 1 workout(s), 42 minutes total. SpO2 97.0%."
2025-11-02,Sunday,2025-W44,68.2,50.0,91.0,57.0,58.8,5921,4.27,224.0,2017.1,11,,,,13.8,,43.7,11.1,0,0,"Sunday, 2025-11-02. 5,921 steps. Average HR 68.2 bpm. Resting HR 57.0 bpm. HRV 58.8 ms. Slept 11.1 hours. Burned 224 active kcal. VO2max 43.7."
2025-11-03,Monday,2025-W45,65.7,53.0,80.0,55.0,67.4,10812,7.79,494.5,2039.0,6,,,96.0,15.1,73.5,,7.0,1,12.6,"Monday, 2025-11-03. 10,812 steps. Average HR 65.7 bpm. Resting HR 55.0 bpm. HRV 67.4 ms. Slept 7.0 hours. Burned 494 active kcal. 1 workout(s), 12 minutes total. SpO2 96.0%."
2025-11-04,Tuesday,2025-W45,65.8,50.0,81.0,55.0,54.1,10471,7.54,430.4,1964.7,12,,,96.0,,,,8.4,1,47.0,"Tuesday, 2025-11-04. 10,471 steps. Average HR 65.8 bpm. Resting HR 55.0 bpm. HRV 54.1 ms. Slept 8.4 hours. Burned 430 active kcal. 1 workout(s), 47 minutes total. SpO2 96.0%."
2025-11-05,Wednesday,2025-W45,70.6,59.0,88.0,60.0,66.2,9691,6.98,273.1,2059.2,3,,,95.0,15.1,,,3.6,0,0,"Wednesday, 2025-11-05. 9,691 steps. Average HR 70.6 bpm. Resting HR 60.0 bpm. HRV 66.2 ms. Slept 3.6 hours. Burned 273 active kcal. SpO2 95.0%."
2025-11-06,Thursday,2025-W45,64.0,50.0,79.0,53.0,60.8,10305,7.42,527.4,1985.8,17,,,98.0,13.7,,,7.3,0,0,"Thursday, 2025-11-06. 10,305 steps. Average HR 64.0 bpm. Resting HR 53.0 bpm. HRV 60.8 ms. Slept 7.3 hours. Burned 527 active kcal. SpO2 98.0%."
2025-11-07,Friday,2025-W45,66.5,55.0,83.0,56.0,71.5,10032,7.23,482.2,2000.0,8,,,,,73.7,,7.9,1,35.4,"Friday, 2025-11-07. 10,032 steps. Average HR 66.5 bpm. Resting HR 56.0 bpm. HRV 71.5 ms. Slept 7.9 hours. Burned 482 active kcal. 1 workout(s), 35 minutes total."
2025-11-08,Saturday,2025-W45,69.2,56.0,86.0,58.0,44.1,9113,6.57,450.4,1992.1,,,,95.0,13.9,,,8.0,0,0,"Saturday, 2025-11-08. 9,113 steps. Average HR 69.2 bpm. Resting HR 58.0 bpm. HRV 44.1 ms. Slept 8.0 hours. Burned 450 active kcal. SpO2 95.0%."
2025-11-09,Sunday,2025-W45,68.0,56.0,85.0,57.0,64.5,4362,3.14,295.3,2063.1,4,,,,14.8,,43.8,6.4,0,0,"Sunday, 2025-11-09. 4,362 steps. Average HR 68.0 bpm. Resting HR 57.0 bpm. HRV 64.5 ms. Slept 6.4 hours. Burned 295 active kcal. VO2max 43.8."
2025-11-10,Monday,2025-W46,66.4,48.0,82.0,55.0,57.7,9936,7.16,528.5,2019.9,,,,96.0,,73.7,,11.4,1,49.4,"Monday, 2025-11-10. 9,936 steps. Average HR 66.4 bpm. Resting HR 55.0 bpm. HRV 57.7 ms. Slept 11.4 hours. Burned 528 active kcal. 1 workout(s), 49 minutes total. SpO2 96.0%."
2025-11-11,Tuesday,2025-W46,72.6,56.0,89.0,61.0,67.0,10127,7.29,485.6,1979.7,8,,,,,,,6.1,1,55.8,"Tuesday, 2025-11-11. 10,127 steps. Average HR 72.6 bpm. Resting HR 61.0 bpm. HRV 67.0 ms. Slept 6.1 hours. Burned 485 active kcal. 1 workout(s), 55 minutes total."
2025-11-12,Wednesday,2025-W46,67.2,56.0,82.0,57.0,64.1,11422,8.23,208.3,2036.1,14,,,,,,,2.8,1,41.3,"Wednesday, 2025-11-12. 11,422 steps. Average HR 67.2 bpm. Resting HR 57.0 bpm. HRV 64.1 ms. Slept 2.8 hours. Burned 208 active kcal. 1 workout(s), 41 minutes total."
2025-11-13,Thursday,2025-W46,67.4,53.0,89.0,57.0,56.8,10920,7.87,554.5,1989.3,,,,97.0,15.2,,,8.4,1,71.1,"Thursday, 2025-11-13. 10,920 steps. Average HR 67.4 bpm. Resting HR 57.0 bpm. HRV 56.8 ms. Slept 8.4 hours. Burned 554 active kcal. 1 workout(s), 71 minutes total. SpO2 97.0%."
2025-11-14,Friday,2025-W46,67.8,54.0,81.0,57.0,55.7,7699,5.55,457.1,2058.4,8,,,,14.3,73.7,,7.5,0,0,"Friday, 2025-11-14. 7,699 steps. Average HR 67.8 bpm. Resting HR 57.0 bpm. HRV 55.7 ms. Slept 7.5 hours. Burned 457 active kcal."
2025-11-15,Saturday,2025-W46,64.0,48.0,84.0,52.0,65.4,6535,4.71,583.8,2061.2,16,,,98.0,,,,6.5,1,66.9,"Saturday, 2025-11-15. 6,535 steps. Average HR 64.0 bpm. Resting HR 52.0 bpm. HRV 65.4 ms. Slept 6.5 hours. Burned 583 active kcal. 1 workout(s), 66 minutes total. SpO2 98.0%."
2025-11-16,Sunday,2025-W46,69.4,56.0,85.0,59.0,43.0,5638,4.06,254.7,1981.7,17,,,,15.6,,,6.9,0,0,"Sunday, 2025-11-16. 5,638 steps. Average HR 69.4 bpm. Resting HR 59.0 bpm. HRV 43.0 ms. Slept 6.9 hours. Burned 254 active kcal."
2025-11-17,Monday,2025-W47,65.1,52.0,87.0,55.0,71.8,6688,4.82,543.3,2030.1,,,,96.0,,74.0,,10.6,1,38.9,"Monday, 2025-11-17. 6,688 steps. Average HR 65.1 bpm. Resting HR 55.0 bpm. HRV 71.8 ms. Slept 10.6 hours. Burned 543 active kcal. 1 workout(s), 38 minutes total. SpO2 96.0%."
2025-11-18,Tuesday,2025-W47,70.5,55.0,86.0,58.0,66.4,7233,5.21,469.5,2021.6,12,,,96.0,18.8,,,3.1,0,0,"Tuesday, 2025-11-18. 7,233 steps. Average HR 70.5 bpm. Resting HR 58.0 bpm. HRV 66.4 ms. Slept 3.1 hours. Burned 469 active kcal. SpO2 96.0%."
2025-11-19,Wednesday,2025-W47,68.3,51.0,84.0,58.0,45.5,5396,3.89,290.8,2022.3,,,,98.0,,,,10.7,1,12.7,"Wednesday, 2025-11-19. 5,396 steps. Average HR 68.3 bpm. Resting HR 58.0 bpm. HRV 45.5 ms. Slept 10.7 hours. Burned 290 active kcal. 1 workout(s), 12 minutes total. SpO2 98.0%."
2025-11-20,Thursday,2025-W47,72.3,57.0,88.0,62.0,65.5,9796,7.06,405.6,2028.5,4,,,97.0,13.5,,,3.4,0,0,"Thursday, 2025-11-20. 9,796 steps. Average HR 72.3 bpm. Resting HR 62.0 bpm. HRV 65.5 ms. Slept 3.4 hours. Burned 405 active kcal. SpO2 97.0%."
2025-11-21,Friday,2025-W47,66.1,49.0,79.0,54.0,58.5,6883,4.96,413.2,1988.4,9,,,,,74.1,,8.0,0,0,"Friday, 2025-11-21. 6,883 steps. Average HR 66.1 bpm. Resting HR 54.0 bpm. HRV 58.5 ms. Slept 8.0 hours. Burned 413 active kcal."
2025-11-22,Saturday,2025-W47,63.9,48.0,80.0,53.0,64.2,6595,4.75,352.4,2022.0,,,,,,,,7.6,0,0,"Saturday, 2025-11-22. 6,595 steps. Average HR 63.9 bpm. Resting HR 53.0 bpm. HRV 64.2 ms. Slept 7.6 hours. Burned 352 active kcal."
2025-11-23,Sunday,2025-W47,61.1,49.0,76.0,50.0,66.8,5387,3.88,344.2,2016.0,8,,,97.0,,,43.8,11.2,0,0,"Sunday, 2025-11-23. 5,387 steps. Average HR 61.1 bpm. Resting HR 50.0 bpm. HRV 66.8 ms. Slept 11.2 hours. Burned 344 active kcal. SpO2 97.0%. VO2max 43.8."
2025-11-24,Monday,2025-W48,69.3,55.0,88.0,58.0,64.4,6259,4.51,451.5,2000.6,2,,,,14.8,74.1,,6.3,1,67.4,"Monday, 2025-11-24. 6,259 steps. Average HR 69.3 bpm. Resting HR 58.0 bpm. HRV 64.4 ms. Slept 6.3 hours. Burned 451 active kcal. 1 workout(s), 67 minutes total."
2025-11-25,Tuesday,2025-W48,65.9,55.0,79.0,55.0,56.5,10494,7.56,530.2,2032.8,,,,97.0,,,,3.0,0,0,"Tuesday, 2025-11-25. 10,494 steps. Average HR 65.9 bpm. Resting HR 55.0 bpm. HRV 56.5 ms. Slept 3.0 hours. Burned 530 active kcal. SpO2 97.0%."
2025-11-26,Wednesday,2025-W48,70.1,57.0,81.0,60.0,63.0,6750,4.86,312.0,2032.9,6,,,98.0,,,,5.9,1,15.3,"Wednesday, 2025-11-26. 6,750 steps. Average HR 70.1 bpm. Resting HR 60.0 bpm. HRV 63.0 ms. Slept 5.9 hours. Burned 312 active kcal. 1 workout(s), 15 minutes total. SpO2 98.0%."
2025-11-27,Thursday,2025-W48,70.2,60.0,83.0,59.0,51.0,8341,6.01,355.5,1981.8,14,,,,14.9,,,11.0,0,0,"Thursday, 2025-11-27. 8,341 steps. Average HR 70.2 bpm. Resting HR 59.0 bpm. HRV 51.0 ms. Slept 11.0 hours. Burned 355 active kcal."
2025-11-28,Friday,2025-W48,65.2,52.0,84.0,55.0,66.7,11215,8.08,522.2,2009.6,,,,,14.8,74.1,,3.1,1,20.9,"Friday, 2025-11-28. 11,215 steps. Average HR 65.2 bpm. Resting HR 55.0 bpm. HRV 66.7 ms. Slept 3.1 hours. Burned 522 active kcal. 1 workout(s), 20 minutes total."
2025-11-29,Saturday,2025-W48,67.3,52.0,83.0,55.0,53.8,11944,8.6,494.0,2030.0,18,,,96.0,15.0,,,7.5,0,0,"Saturday, 2025-11-29. 11,944 steps. Average HR 67.3 bpm. Resting HR 55.0 bpm. HRV 53.8 ms. Slept 7.5 hours. Burned 494 active kcal. SpO2 96.0%."
2025-11-30,Sunday,2025-W48,65.7,52.0,82.0,55.0,67.2,6142,4.43,309.6,2049.0,13,,,98.0,15.2,,43.7,11.5,0,0,"Sunday, 2025-11-30. 6,142 steps. Average HR 65.7 bpm. Resting HR 55.0 bpm. HRV 67.2 ms. Slept 11.5 hours. Burned 309 active kcal. SpO2 98.0%. VO2max 43.7."
2025-12-01,Monday,2025-W49,65.0,50.0,84.0,54.0,69.6,8494,6.12,511.8,2073.3,8,,,98.0,,74.2,,7.2,0,0,"Monday, 2025-12-01. 8,494 steps. Average HR 65.0 bpm. Resting HR 54.0 bpm. HRV 69.6 ms. Slept 7.2 hours. Burned 511 active kcal. SpO2 98.0%."
2025-12-02,Tuesday,2025-W49,68.3,55.0,82.0,58.0,64.1,8758,6.31,512.3,2011.6,4,,,,15.5,,,3.6,1,26.9,"Tuesday, 2025-12-02. 8,758 steps. Average HR 68.3 bpm. Resting HR 58.0 bpm. HRV 64.1 ms. Slept 3.6 hours. Burned 512 active kcal. 1 workout(s), 26 minutes total."
2025-12-03,Wednesday,2025-W49,66.5,52.0,81.0,56.0,54.9,8324,6.0,259.7,2014.7,4,,,97.0,15.3,,,12.4,1,41.6,"Wednesday, 2025-12-03. 8,324 steps. Average HR 66.5 bpm. Resting HR 56.0 bpm. HRV 54.9 ms. Slept 12.4 hours. Burned 259 active kcal. 1 workout(s), 41 minutes total. SpO2 97.0%."
2025-12-04,Thursday,2025-W49,63.8,50.0,80.0,54.0,65.5,9525,6.86,418.8,1990.2,5,,,97.0,17.4,,,6.3,0,0,"Thursday, 2025-12-04. 9,525 steps. Average HR 63.8 bpm. Resting HR 54.0 bpm. HRV 65.5 ms. Slept 6.3 hours. Burned 418 active kcal. SpO2 97.0%."
2025-12-05,Friday,2025-W49,71.2,58.0,93.0,59.0,58.2,7578,5.46,504.3,2024.3,11,,,,15.7,74.1,,2.7,1,29.9,"Friday, 2025-12-05. 7,578 steps. Average HR 71.2 bpm. Resting HR 59.0 bpm. HRV 58.2 ms. Slept 2.7 hours. Burned 504 active kcal. 1 workout(s), 29 minutes total."
2025-12-06,Saturday,2025-W49,68.8,55.0,81.0,58.0,43.0,9008,6.49,476.4,2015.2,,,,,14.1,,,8.2,1,62.6,"Saturday, 2025-12-06. 9,008 steps. Average HR 68.8 bpm. Resting HR 58.0 bpm. HRV 43.0 ms. Slept 8.2 hours. Burned 476 active kcal. 1 workout(s), 62 minutes total."
2025-12-07,Sunday,2025-W49,64.1,51.0,78.0,53.0,60.6,6349,4.58,263.2,2003.2,4,,,,15.2,,43.9,7.8,0,0,"Sunday, 2025-12-07. 6,349 steps. Average HR 64.1 bpm. Resting HR 53.0 bpm. HRV 60.6 ms. Slept 7.8 hours. Burned 263 active kcal. VO2max 43.9."
2025-12-08,Monday,2025-W50,62.7,51.0,84.0,53.0,64.9,7045,5.08,555.2,1981.0,4,,,97.0,15.8,73.8,,6.8,1,25.8,"Monday, 2025-12-08. 7,045 steps. Average HR 62.7 bpm. Resting HR 53.0 bpm. HRV 64.9 ms. Slept 6.8 hours. Burned 555 active kcal. 1 workout(s), 25 minutes total. SpO2 97.0%."
2025-12-09,Tuesday,2025-W50,69.4,57.0,93.0,59.0,47.7,8299,5.98,430.7,1996.2,10,,,,13.6,,,7.8,1,38.3,"Tuesday, 2025-12-09. 8,299 steps. Average HR 69.4 bpm. Resting HR 59.0 bpm. HRV 47.7 ms. Slept 7.8 hours. Burned 430 active kcal. 1 workout(s), 38 minutes total."
2025-12-10,Wednesday,2025-W50,67.6,55.0,81.0,56.0,51.4,10677,7.69,258.9,1969.6,8,,,,15.3,,,7.4,0,0,"Wednesday, 2025-12-10. 10,677 steps. Average HR 67.6 bpm. Resting HR 56.0 bpm. HRV 51.4 ms. Slept 7.4 hours. Burned 258 active kcal."
2025-12-11,Thursday,2025-W50,64.4,49.0,81.0,53.0,63.2,6428,4.63,419.7,2025.6,14,,,95.0,,,,7.4,1,52.9,"Thursday, 2025-12-11. 6,428 steps. Average HR 64.4 bpm. Resting HR 53.0 bpm. HRV 63.2 ms. Slept 7.4 hours. Burned 419 active kcal. 1 workout(s), 52 minutes total. SpO2 95.0%."
2025-12-12,Friday,2025-W50,67.5,52.0,84.0,56.0,51.8,7300,5.26,403.6,1996.2,,,,,15.0,73.9,,7.0,0,0,"Friday, 2025-12-12. 7,300 steps. Average HR 67.5 bpm. Resting HR 56.0 bpm. HRV 51.8 ms. Slept 7.0 hours. Burned 403 active kcal."
2025-12-13,Saturday,2025-W50,65.0,53.0,80.0,55.0,58.2,8289,5.97,492.3,2007.6,3,,,,14.2,,,7.1,1,59.4,"Saturday, 2025-12-13. 8,289 steps. Average HR 65.0 bpm. Resting HR 55.0 bpm. HRV 58.2 ms. Slept 7.1 hours. Burned 492 active kcal. 1 workout(s), 59 minutes total."
2025-12-14,Sunday,2025-W50,64.1,50.0,81.0,53.0,74.6,4434,3.2,230.0,2031.1,6,,,,16.4,,43.9,11.7,0,0,"Sunday, 2025-12-14. 4,434 steps. Average HR 64.1 bpm. Resting HR 53.0 bpm. HRV 74.6 ms. Slept 11.7 hours. Burned 230 active kcal. VO2max 43.9."
2025-12-15,Monday,2025-W51,66.3,54.0,79.0,56.0,62.5,9470,6.82,345.0,2006.4,17,,,95.0,14.3,,,2.8,1,10.0,"Monday, 2025-12-15. 9,470 steps. Average HR 66.3 bpm. Resting HR 56.0 bpm. HRV 62.5 ms. Slept 2.8 hours. Burned 345 active kcal. 1 workout(s), 10 minutes total. SpO2 95.0%."
2025-12-16,Tuesday,2025-W51,70.1,56.0,89.0,60.0,65.2,8460,6.09,385.5,2010.7,15,,,97.0,16.2,,,11.2,0,0,"Tuesday, 2025-12-16. 8,460 steps. Average HR 70.1 bpm. Resting HR 60.0 bpm. HRV 65.2 ms. Slept 11.2 hours. Burned 385 active kcal. SpO2 97.0%."
2025-12-17,Wednesday,2025-W51,64.1,52.0,81.0,54.0,61.1,8789,6.33,310.6,2009.3,7,,,,15.7,,,6.0,1,12.3,"Wednesday, 2025-12-17. 8,789 steps. Average HR 64.1 bpm. Resting HR 54.0 bpm. HRV 61.1 ms. Slept 6.0 hours. Burned 310 active kcal. 1 workout(s), 12 minutes total."
2025-12-18,Thursday,2025-W51,68.5,54.0,84.0,58.0,58.3,9628,6.94,424.2,2069.7,,,,96.0,11.8,,,6.1,1,51.9,"Thursday, 2025-12-18. 9,628 steps. Average HR 68.5 bpm. Resting HR 58.0 bpm. HRV 58.3 ms. Slept 6.1 hours. Burned 424 active kcal. 1 workout(s), 51 minutes total. SpO2 96.0%."
2025-12-19,Friday,2025-W51,69.7,52.0,91.0,59.0,52.3,8121,5.85,505.7,2015.6,5,,,,13.4,73.9,,3.2,1,27.1,"Friday, 2025-12-19. 8,121 steps. Average HR 69.7 bpm. Resting HR 59.0 bpm. HRV 52.3 ms. Slept 3.2 hours. Burned 505 active kcal. 1 workout(s), 27 minutes total."
2025-12-20,Saturday,2025-W51,72.7,62.0,97.0,62.0,57.2,9163,6.6,377.2,2042.6,8,,,98.0,18.2,,,7.6,1,57.0,"Saturday, 2025-12-20. 9,163 steps. Average HR 72.7 bpm. Resting HR 62.0 bpm. HRV 57.2 ms. Slept 7.6 hours. Burned 377 active kcal. 1 workout(s), 57 minutes total. SpO2 98.0%."
2025-12-21,Sunday,2025-W51,60.6,46.0,76.0,50.0,66.4,3249,2.34,288.3,2045.5,15,,,97.0,,,43.9,9.1,0,0,"Sunday, 2025-12-21. 3,249 steps. Average HR 60.6 bpm. Resting HR 50.0 bpm. HRV 66.4 ms. Slept 9.1 hours. Burned 288 active kcal. SpO2 97.0%. VO2max 43.9."
2025-12-22,Monday,2025-W52,61.0,47.0,79.0,50.0,73.2,7390,5.32,453.5,2030.8,6,,,96.0,,,,6.7,1,32.9,"Monday, 2025-12-22. 7,390 steps. Average HR 61.0 bpm. Resting HR 50.0 bpm. HRV 73.2 ms. Slept 6.7 hours. Burned 453 active kcal. 1 workout(s), 32 minutes total. SpO2 96.0%."
2025-12-23,Tuesday,2025-W52,60.2,47.0,72.0,49.0,61.9,11478,8.27,512.1,2068.2,9,,,,16.4,,,6.7,1,52.4,"Tuesday, 2025-12-23. 11,478 steps. Average HR 60.2 bpm. Resting HR 49.0 bpm. HRV 61.9 ms. Slept 6.7 hours. Burned 512 active kcal. 1 workout(s), 52 minutes total."
2025-12-24,Wednesday,2025-W52,68.3,54.0,83.0,57.0,47.7,7253,5.23,191.6,2007.6,17,,,97.0,16.1,,,12.0,0,0,"Wednesday, 2025-12-24. 7,253 steps. Average HR 68.3 bpm. Resting HR 57.0 bpm. HRV 47.7 ms. Slept 12.0 hours. Burned 191 active kcal. SpO2 97.0%."
2025-12-25,Thursday,2025-W52,66.6,54.0,81.0,55.0,63.6,10174,7.33,571.3,2006.4,13,,,,15.6,,,3.6,0,0,"Thursday, 2025-12-25. 10,174 steps. Average HR 66.6 bpm. Resting HR 55.0 bpm. HRV 63.6 ms. Slept 3.6 hours. Burned 571 active kcal."
2025-12-26,Friday,2025-W52,65.8,54.0,78.0,54.0,58.6,6422,4.63,485.9,2012.7,14,,,,16.5,73.9,,7.1,0,0,"Friday, 2025-12-26. 6,422 steps. Average HR 65.8 bpm. Resting HR 54.0 bpm. HRV 58.6 ms. Slept 7.1 hours. Burned 485 active kcal."
2025-12-27,Saturday,2025-W52,68.8,55.0,86.0,57.0,57.7,8929,6.43,331.6,2065.8,10,,,,14.1,,,6.2,0,0,"Saturday, 2025-12-27. 8,929 steps. Average HR 68.8 bpm. Resting HR 57.0 bpm. HRV 57.7 ms. Slept 6.2 hours. Burned 331 active kcal."
2025-12-28,Sunday,2025-W52,63.5,48.0,79.0,52.0,63.3,4050,2.92,254.3,2042.5,10,,,97.0,13.5,,44.0,12.1,0,0,"Sunday, 2025-12-28. 4,050 steps. Average HR 63.5 bpm. Resting HR 52.0 bpm. HRV 63.3 ms. Slept 12.1 hours. Burned 254 active kcal. SpO2 97.0%. VO2max 44.0."
2025-12-29,Monday,2026-W01,68.6,55.0,82.0,57.0,81.2,5906,4.25,413.8,1999.7,6,,,96.0,15.9,74.2,,3.2,1,55.9,"Monday, 2025-12-29. 5,906 steps. Average HR 68.6 bpm. Resting HR 57.0 bpm. HRV 81.2 ms. Slept 3.2 hours. Burned 413 active kcal. 1 workout(s), 55 minutes total. SpO2 96.0%."
2025-12-30,Tuesday,2026-W01,68.6,53.0,83.0,57.0,67.7,11026,7.94,489.2,2064.8,18,,,97.0,15.4,,,7.7,1,46.3,"Tuesday, 2025-12-30. 11,026 steps. Average HR 68.6 bpm. Resting HR 57.0 bpm. HRV 67.7 ms. Slept 7.7 hours. Burned 489 active kcal. 1 workout(s), 46 minutes total. SpO2 97.0%."
2025-12-31,Wednesday,2026-W01,66.3,51.0,78.0,55.0,62.2,9156,6.6,272.2,2044.2,9,,,98.0,14.0,,,8.2,0,0,"Wednesday, 2025-12-31. 9,156 steps. Average HR 66.3 bpm. Resting HR 55.0 bpm. HRV 62.2 ms. Slept 8.2 hours. Burned 272 active kcal. SpO2 98.0%."
2026-01-01,Thursday,2026-W01,65.7,52.0,79.0,56.0,50.5,11414,8.22,521.7,2014.4,12,,,98.0,,,,8.4,1,34.1,"Thursday, 2026-01-01. 11,414 steps. Average HR 65.7 bpm. Resting HR 56.0 bpm. HRV 50.5 ms. Slept 8.4 hours. Burned 521 active kcal. 1 workout(s), 34 minutes total. SpO2 98.0%."
2026-01-02,Friday,2026-W01,68.5,56.0,84.0,57.0,55.4,7193,5.18,533.7,2064.6,14,,,,14.6,74.1,,7.8,1,61.8,"Friday, 2026-01-02. 7,193 steps. Average HR 68.5 bpm. Resting HR 57.0 bpm. HRV 55.4 ms. Slept 7.8 hours. Burned 533 active kcal. 1 workout(s), 61 minutes total."
2026-01-03,Saturday,2026-W01,66.0,53.0,84.0,55.0,46.2,11965,8.62,429.5,2053.1,11,,,96.0,17.5,,,7.4,0,0,"Saturday, 2026-01-03. 11,965 steps. Average HR 66.0 bpm. Resting HR 55.0 bpm. HRV 46.2 ms. Slept 7.4 hours. Burned 429 active kcal. SpO2 96.0%."
2026-01-04,Sunday,2026-W01,64.8,48.0,79.0,54.0,59.5,5664,4.08,175.5,1993.7,2,,,97.0,,,,10.0,0,0,"Sunday, 2026-01-04. 5,664 steps. Average HR 64.8 bpm. Resting HR 54.0 bpm. HRV 59.5 ms. Slept 10.0 hours. Burned 175 active kcal. SpO2 97.0%."
2026-01-05,Monday,2026-W02,67.3,55.0,83.0,56.0,59.6,4689,3.38,464.2,2030.6,,,,96.0,12.3,74.3,,7.3,0,0,"Monday, 2026-01-05. 4,689 steps. Average HR 67.3 bpm. Resting HR 56.0 bpm. HRV 59.6 ms. Slept 7.3 hours. Burned 464 active kcal. SpO2 96.0%."
2026-01-06,Tuesday,2026-W02,61.5,47.0,81.0,51.0,61.7,10687,7.7,458.7,2031.8,,,,97.0,15.0,,,2.8,1,49.7,"Tuesday, 2026-01-06. 10,687 steps. Average HR 61.5 bpm. Resting HR 51.0 bpm. HRV 61.7 ms. Slept 2.8 hours. Burned 458 active kcal. 1 workout(s), 49 minutes total. SpO2 97.0%."
2026-01-07,Wednesday,2026-W02,68.7,57.0,84.0,57.0,44.5,8218,5.92,195.1,2063.8,3,,,99.0,15.2,,,8.1,1,33.5,"Wednesday, 2026-01-07. 8,218 steps. Average HR 68.7 bpm. Resting HR 57.0 bpm. HRV 44.5 ms. Slept 8.1 hours. Burned 195 active kcal. 1 workout(s), 33 minutes total. SpO2 99.0%."
2026-01-08,Thursday,2026-W02,61.8,46.0,74.0,51.0,57.0,8772,6.32,467.4,2009.6,5,,,,14.7,,,11.1,1,28.4,"Thursday, 2026-01-08. 8,772 steps. Average HR 61.8 bpm. Resting HR 51.0 bpm. HRV 57.0 ms. Slept 11.1 hours. Burned 467 active kcal. 1 workout(s), 28 minutes total."
2026-01-09,Friday,2026-W02,68.2,53.0,86.0,58.0,68.5,6733,4.85,500.6,2048.9,5,,,,14.6,73.9,,2.1,1,26.1,"Friday, 2026-01-09. 6,733 steps. Average HR 68.2 bpm. Resting HR 58.0 bpm. HRV 68.5 ms. Slept 2.1 hours. Burned 500 active kcal. 1 workout(s), 26 minutes total."
2026-01-10,Saturday,2026-W02,65.6,51.0,82.0,55.0,53.3,11038,7.95,472.1,1984.0,6,,,,,,,8.3,0,0,"Saturday, 2026-01-10. 11,038 steps. Average HR 65.6 bpm. Resting HR 55.0 bpm. HRV 53.3 ms. Slept 8.3 hours. Burned 472 active kcal."
2026-01-11,Sunday,2026-W02,65.6,51.0,82.0,56.0,50.8,5760,4.15,231.4,1984.3,18,,,98.0,,,44.1,13.8,0,0,"Sunday, 2026-01-11. 5,760 steps. Average HR 65.6 bpm. Resting HR 56.0 bpm. HRV 50.8 ms. Slept 13.8 hours. Burned 231 active kcal. SpO2 98.0%. VO2max 44.1."
2026-01-12,Monday,2026-W03,67.0,50.0,81.0,57.0,54.3,10357,7.46,387.0,1964.2,7,,,98.0,,,,3.4,0,0,"Monday, 2026-01-12. 10,357 steps. Average HR 67.0 bpm. Resting HR 57.0 bpm. HRV 54.3 ms. Slept 3.4 hours. Burned 387 active kcal. SpO2 98.0%."
2026-01-13,Tuesday,2026-W03,66.6,54.0,82.0,55.0,78.0,8623,6.21,516.8,1986.8,,,,96.0,16.4,,,6.8,1,60.0,"Tuesday, 2026-01-13. 8,623 steps. Average HR 66.6 bpm. Resting HR 55.0 bpm. HRV 78.0 ms. Slept 6.8 hours. Burned 516 active kcal. 1 workout(s), 60 minutes total. SpO2 96.0%."
2026-01-14,Wednesday,2026-W03,63.7,48.0,81.0,54.0,63.7,9377,6.76,322.4,2007.2,,,,98.0,,,,11.1,1,40.3,"Wednesday, 2026-01-14. 9,377 steps. Average HR 63.7 bpm. Resting HR 54.0 bpm. HRV 63.7 ms. Slept 11.1 hours. Burned 322 active kcal. 1 workout(s), 40 minutes total. SpO2 98.0%."
2026-01-15,Thursday,2026-W03,66.6,54.0,79.0,55.0,58.1,9734,7.01,430.3,2037.7,7,,,,,,,7.0,0,0,"Thursday, 2026-01-15. 9,734 steps. Average HR 66.6 bpm. Resting HR 55.0 bpm. HRV 58.1 ms. Slept 7.0 hours. Burned 430 active kcal."
2026-01-16,Friday,2026-W03,66.1,50.0,81.0,56.0,59.6,6996,5.04,469.6,2037.7,,,,,16.4,,,2.9,0,0,"Friday, 2026-01-16. 6,996 steps. Average HR 66.1 bpm. Resting HR 56.0 bpm. HRV 59.6 ms. Slept 2.9 hours. Burned 469 active kcal."
2026-01-17,Saturday,2026-W03,64.1,48.0,81.0,54.0,61.0,11590,8.35,487.6,2035.8,,,,97.0,,,,7.1,0,0,"Saturday, 2026-01-17. 11,590 steps. Average HR 64.1 bpm. Resting HR 54.0 bpm. HRV 61.0 ms. Slept 7.1 hours. Burned 487 active kcal. SpO2 97.0%."
2026-01-18,Sunday,2026-W03,64.6,51.0,80.0,54.0,51.0,4633,3.34,245.2,1982.2,3,,,98.0,,,44.1,7.2,0,0,"Sunday, 2026-01-18. 4,633 steps. Average HR 64.6 bpm. Resting HR 54.0 bpm. HRV 51.0 ms. Slept 7.2 hours. Burned 245 active kcal. SpO2 98.0%. VO2max 44.1."
2026-01-19,Monday,2026-W04,68.2,55.0,80.0,58.0,62.6,10163,7.32,536.6,2066.5,17,,,96.0,13.0,73.6,,7.2,1,57.4,"Monday, 2026-01-19. 10,163 steps. Average HR 68.2 bpm. Resting HR 58.0 bpm. HRV 62.6 ms. Slept 7.2 hours. Burned 536 active kcal. 1 workout(s), 57 minutes total. SpO2 96.0%."
2026-01-20,Tuesday,2026-W04,70.4,59.0,87.0,59.0,56.9,8221,5.92,430.0,2074.0,13,,,,,,,6.6,1,61.4,"Tuesday, 2026-01-20. 8,221 steps. Average HR 70.4 bpm. Resting HR 59.0 bpm. HRV 56.9 ms. Slept 6.6 hours. Burned 430 active kcal. 1 workout(s), 61 minutes total."
2026-01-21,Wednesday,2026-W04,70.5,58.0,83.0,59.0,42.7,8703,6.27,206.6,2002.3,4,,,,15.5,,,7.5,1,22.7,"Wednesday, 2026-01-21. 8,703 steps. Average HR 70.5 bpm. Resting HR 59.0 bpm. HRV 42.7 ms. Slept 7.5 hours. Burned 206 active kcal. 1 workout(s), 22 minutes total."
2026-01-22,Thursday,2026-W04,70.8,56.0,85.0,59.0,53.5,8809,6.35,516.1,2070.1,5,,,97.0,15.7,,,6.9,0,0,"Thursday, 2026-01-22. 8,809 steps. Average HR 70.8 bpm. Resting HR 59.0 bpm. HRV 53.5 ms. Slept 6.9 hours. Burned 516 active kcal. SpO2 97.0%."
2026-01-23,Friday,2026-W04,66.2,51.0,80.0,56.0,61.1,4212,3.04,474.0,2076.7,8,,,,17.5,74.1,,6.7,1,29.5,"Friday, 2026-01-23. 4,212 steps. Average HR 66.2 bpm. Resting HR 56.0 bpm. HRV 61.1 ms. Slept 6.7 hours. Burned 474 active kcal. 1 workout(s), 29 minutes total."
2026-01-24,Saturday,2026-W04,72.3,60.0,86.0,62.0,68.5,13016,9.38,497.8,1987.9,9,,,96.0,14.2,,,4.8,1,30.1,"Saturday, 2026-01-24. 13,016 steps. Average HR 72.3 bpm. Resting HR 62.0 bpm. HRV 68.5 ms. Slept 4.8 hours. Burned 497 active kcal. 1 workout(s), 30 minutes total. SpO2 96.0%."
2026-01-25,Sunday,2026-W04,68.1,55.0,90.0,58.0,47.7,5710,4.12,298.6,2018.5,5,,,,15.9,,,15.1,0,0,"Sunday, 2026-01-25. 5,710 steps. Average HR 68.1 bpm. Resting HR 58.0 bpm. HRV 47.7 ms. Slept 15.1 hours. Burned 298 active kcal."
2026-01-26,Monday,2026-W05,66.0,53.0,84.0,54.0,65.7,7954,5.73,485.5,2052.7,8,,,96.0,17.3,73.9,,6.7,0,0,"Monday, 2026-01-26. 7,954 steps. Average HR 66.0 bpm. Resting HR 54.0 bpm. HRV 65.7 ms. Slept 6.7 hours. Burned 485 active kcal. SpO2 96.0%."
2026-01-27,Tuesday,2026-W05,62.9,47.0,79.0,52.0,63.5,6262,4.51,441.1,2018.7,15,,,98.0,14.9,,,3.0,0,0,"Tuesday, 2026-01-27. 6,262 steps. Average HR 62.9 bpm. Resting HR 52.0 bpm. HRV 63.5 ms. Slept 3.0 hours. Burned 441 active kcal. SpO2 98.0%."
2026-01-28,Wednesday,2026-W05,70.0,58.0,85.0,59.0,41.0,6826,4.92,312.0,2044.9,12,,,96.0,,,,7.0,0,0,"Wednesday, 2026-01-28. 6,826 steps. Average HR 70.0 bpm. Resting HR 59.0 bpm. HRV 41.0 ms. Slept 7.0 hours. Burned 312 active kcal. SpO2 96.0%."
2026-01-29,Thursday,2026-W05,65.8,50.0,82.0,55.0,64.0,10335,7.45,490.1,2027.7,10,,,96.0,,,,11.2,1,57.9,"Thursday, 2026-01-29. 10,335 steps. Average HR 65.8 bpm. Resting HR 55.0 bpm. HRV 64.0 ms. Slept 11.2 hours. Burned 490 active kcal. 1 workout(s), 57 minutes total. SpO2 96.0%."
2026-01-30,Friday,2026-W05,65.2,54.0,82.0,55.0,57.9,10462,7.54,417.1,2013.1,14,,,,11.1,73.5,,3.0,1,37.1,"Friday, 2026-01-30. 10,462 steps. Average HR 65.2 bpm. Resting HR 55.0 bpm. HRV 57.9 ms. Slept 3.0 hours. Burned 417 active kcal. 1 workout(s), 37 minutes total."
2026-01-31,Saturday,2026-W05,67.4,50.0,83.0,57.0,55.0,11347,8.18,464.9,1995.7,8,,,98.0,16.8,,,7.5,0,0,"Saturday, 2026-01-31. 11,347 steps. Average HR 67.4 bpm. Resting HR 57.0 bpm. HRV 55.0 ms. Slept 7.5 hours. Burned 464 active kcal. SpO2 98.0%."
2026-02-01,Sunday,2026-W05,65.7,54.0,82.0,56.0,76.5,3733,2.69,276.4,2020.0,9,,,97.5,16.2,,,6.4,0,0,"Sunday, 2026-02-01. 3,733 steps. Average HR 65.7 bpm. Resting HR 56.0 bpm. HRV 76.5 ms. Slept 6.4 hours. Burned 276 active kcal. SpO2 97.5%."
2026-02-02,Monday,2026-W06,67.9,51.0,87.0,57.0,61.2,7708,5.55,455.5,2000.1,2,,,96.0,12.5,73.4,,10.7,0,0,"Monday, 2026-02-02. 7,708 steps. Average HR 67.9 bpm. Resting HR 57.0 bpm. HRV 61.2 ms. Slept 10.7 hours. Burned 455 active kcal. SpO2 96.0%."
2026-02-03,Tuesday,2026-W06,66.6,53.0,83.0,56.0,63.8,11380,8.2,433.1,2023.3,16,,,98.0,12.2,,,3.2,1,42.2,"Tuesday, 2026-02-03. 11,380 steps. Average HR 66.6 bpm. Resting HR 56.0 bpm. HRV 63.8 ms. Slept 3.2 hours. Burned 433 active kcal. 1 workout(s), 42 minutes total. SpO2 98.0%."
2026-02-04,Wednesday,2026-W06,66.4,52.0,81.0,55.0,55.5,6021,4.34,305.6,2059.2,16,,,97.0,15.7,,,5.9,0,0,"Wednesday, 2026-02-04. 6,021 steps. Average HR 66.4 bpm. Resting HR 55.0 bpm. HRV 55.5 ms. Slept 5.9 hours. Burned 305 active kcal. SpO2 97.0%."
2026-02-05,Thursday,2026-W06,66.5,53.0,80.0,56.0,54.8,9827,7.08,521.1,2005.8,17,,,95.0,15.9,,,7.3,1,28.8,"Thursday, 2026-02-05. 9,827 steps. Average HR 66.5 bpm. Resting HR 56.0 bpm. HRV 54.8 ms. Slept 7.3 hours. Burned 521 active kcal. 1 workout(s), 28 minutes total. SpO2 95.0%."
2026-02-06,Friday,2026-W06,64.4,53.0,75.0,54.0,65.3,9082,6.54,428.8,2051.6,14,,,,15.2,,,5.9,1,16.8,"Friday, 2026-02-06. 9,082 steps. Average HR 64.4 bpm. Resting HR 54.0 bpm. HRV 65.3 ms. Slept 5.9 hours. Burned 428 active kcal. 1 workout(s), 16 minutes total."
2026-02-07,Saturday,2026-W06,69.1,57.0,83.0,59.0,55.8,9741,7.02,439.7,1991.5,11,,,96.0,12.4,,,7.8,1,44.4,"Saturday, 2026-02-07. 9,741 steps. Average HR 69.1 bpm. Resting HR 59.0 bpm. HRV 55.8 ms. Slept 7.8 hours. Burned 439 active kcal. 1 workout(s), 44 minutes total. SpO2 96.0%."
2026-02-08,Sunday,2026-W06,70.8,53.0,84.0,60.0,65.1,4511,3.25,257.8,1981.9,7,,,98.0,12.9,,44.3,7.5,0,0,"Sunday, 2026-02-08. 4,511 steps. Average HR 70.8 bpm. Resting HR 60.0 bpm. HRV 65.1 ms. Slept 7.5 hours. Burned 257 active kcal. SpO2 98.0%. VO2max 44.3."
2026-02-09,Monday,2026-W07,64.1,48.0,78.0,53.0,59.4,8103,5.84,488.0,2036.2,13,,,94.0,,73.4,,7.3,1,27.2,"Monday, 2026-02-09. 8,103 steps. Average HR 64.1 bpm. Resting HR 53.0 bpm. HRV 59.4 ms. Slept 7.3 hours. Burned 488 active kcal. 1 workout(s), 27 minutes total. SpO2 94.0%."
2026-02-10,Tuesday,2026-W07,67.7,49.0,85.0,56.0,56.7,9700,6.99,455.4,2073.4,8,,,98.0,15.6,,,6.9,1,29.9,"Tuesday, 2026-02-10. 9,700 steps. Average HR 67.7 bpm. Resting HR 56.0 bpm. HRV 56.7 ms. Slept 6.9 hours. Burned 455 active kcal. 1 workout(s), 29 minutes total. SpO2 98.0%."
2026-02-11,Wednesday,2026-W07,66.9,53.0,83.0,57.0,61.7,6626,4.77,218.8,2059.5,16,,,,,,,12.6,0,0,"Wednesday, 2026-02-11. 6,626 steps. Average HR 66.9 bpm. Resting HR 57.0 bpm. HRV 61.7 ms. Slept 12.6 hours. Burned 218 active kcal."
2026-02-12,Thursday,2026-W07,66.0,50.0,79.0,55.0,58.9,10272,7.4,440.9,2005.3,15,,,96.0,17.0,,,6.1,0,0,"Thursday, 2026-02-12. 10,272 steps. Average HR 66.0 bpm. Resting HR 55.0 bpm. HRV 58.9 ms. Slept 6.1 hours. Burned 440 active kcal. SpO2 96.0%."
2026-02-13,Friday,2026-W07,67.8,52.0,78.0,56.0,50.4,8197,5.91,404.3,1997.9,17,,,,14.5,,,3.3,0,0,"Friday, 2026-02-13. 8,197 steps. Average HR 67.8 bpm. Resting HR 56.0 bpm. HRV 50.4 ms. Slept 3.3 hours. Burned 404 active kcal."
2026-02-14,Saturday,2026-W07,71.9,58.0,88.0,60.0,39.3,10923,7.87,509.4,2034.3,12,,,95.0,14.8,,,7.5,1,40.8,"Saturday, 2026-02-14. 10,923 steps. Average HR 71.9 bpm. Resting HR 60.0 bpm. HRV 39.3 ms. Slept 7.5 hours. Burned 509 active kcal. 1 workout(s), 40 minutes total. SpO2 95.0%."
2026-02-15,Sunday,2026-W07,67.9,53.0,86.0,57.0,62.8,4818,3.47,275.2,1998.8,15,,,97.5,12.7,,44.4,6.4,0,0,"Sunday, 2026-02-15. 4,818 steps. Average HR 67.9 bpm. Resting HR 57.0 bpm. HRV 62.8 ms. Slept 6.4 hours. Burned 275 active kcal. SpO2 97.5%. VO2max 44.4."
2026-02-16,Monday,2026-W08,66.2,54.0,78.0,55.0,51.0,10052,7.24,533.0,2033.9,12,,,97.0,14.4,73.8,,9.8,1,26.1,"Monday, 2026-02-16. 10,052 steps. Average HR 66.2 bpm. Resting HR 55.0 bpm. HRV 51.0 ms. Slept 9.8 hours. Burned 533 active kcal. 1 workout(s), 26 minutes total. SpO2 97.0%."
2026-02-17,Tuesday,2026-W08,63.0,47.0,82.0,52.0,59.5,9609,6.92,521.5,1978.8,16,,,,,,,7.3,1,38.5,"Tuesday, 2026-02-17. 9,609 steps. Average HR 63.0 bpm. Resting HR 52.0 bpm. HRV 59.5 ms. Slept 7.3 hours. Burned 521 active kcal. 1 workout(s), 38 minutes total."
2026-02-18,Wednesday,2026-W08,66.4,53.0,84.0,57.0,64.1,8702,6.27,307.2,2002.3,9,,,95.0,,,,2.9,1,23.3,"Wednesday, 2026-02-18. 8,702 steps. Average HR 66.4 bpm. Resting HR 57.0 bpm. HRV 64.1 ms. Slept 2.9 hours. Burned 307 active kcal. 1 workout(s), 23 minutes total. SpO2 95.0%."
2026-02-19,Thursday,2026-W08,67.3,53.0,84.0,56.0,60.7,13219,9.52,538.2,2053.6,14,,,99.0,13.6,,,11.7,0,0,"Thursday, 2026-02-19. 13,219 steps. Average HR 67.3 bpm. Resting HR 56.0 bpm. HRV 60.7 ms. Slept 11.7 hours. Burned 538 active kcal. SpO2 99.0%."
2026-02-20,Friday,2026-W08,64.7,51.0,78.0,54.0,70.3,11110,8.0,521.1,1992.6,,,,,,73.7,,2.0,1,42.0,"Friday, 2026-02-20. 11,110 steps. Average HR 64.7 bpm. Resting HR 54.0 bpm. HRV 70.3 ms. Slept 2.0 hours. Burned 521 active kcal. 1 workout(s), 42 minutes total."
2026-02-21,Saturday,2026-W08,68.1,54.0,84.0,58.0,71.1,11802,8.5,539.3,2002.1,17,,,98.0,16.6,,,8.3,1,23.9,"Saturday, 2026-02-21. 11,802 steps. Average HR 68.1 bpm. Resting HR 58.0 bpm. HRV 71.1 ms. Slept 8.3 hours. Burned 539 active kcal. 1 workout(s), 23 minutes total. SpO2 98.0%."
2026-02-22,Sunday,2026-W08,66.2,51.0,86.0,56.0,56.4,4430,3.19,328.2,2029.4,8,,,96.5,,,44.4,7.9,0,0,"Sunday, 2026-02-22. 4,430 steps. Average HR 66.2 bpm. Resting HR 56.0 bpm. HRV 56.4 ms. Slept 7.9 hours. Burned 328 active kcal. SpO2 96.5%. VO2max 44.4."
2026-02-23,Monday,2026-W09,62.7,49.0,76.0,52.0,59.5,9228,6.65,520.1,1991.7,11,,,,13.9,73.9,,7.9,1,26.7,"Monday, 2026-02-23. 9,228 steps. Average HR 62.7 bpm. Resting HR 52.0 bpm. HRV 59.5 ms. Slept 7.9 hours. Burned 520 active kcal. 1 workout(s), 26 minutes total."
2026-02-24,Tuesday,2026-W09,66.4,46.0,81.0,55.0,55.5,10587,7.63,537.4,1998.5,16,,,98.0,,,,6.8,1,71.8,"Tuesday, 2026-02-24. 10,587 steps. Average HR 66.4 bpm. Resting HR 55.0 bpm. HRV 55.5 ms. Slept 6.8 hours. Burned 537 active kcal. 1 workout(s), 71 minutes total. SpO2 98.0%."
2026-02-25,Wednesday,2026-W09,70.0,58.0,86.0,59.0,62.3,6185,4.46,239.8,2001.1,14,,,,12.7,,,6.3,0,0,"Wednesday, 2026-02-25. 6,185 steps. Average HR 70.0 bpm. Resting HR 59.0 bpm. HRV 62.3 ms. Slept 6.3 hours. Burned 239 active kcal."
2026-02-26,Thursday,2026-W09,67.2,53.0,84.0,56.0,59.6,16437,11.84,519.1,2000.4,8,,,97.0,,,,10.1,0,0,"Thursday, 2026-02-26. 16,437 steps. Average HR 67.2 bpm. Resting HR 56.0 bpm. HRV 59.6 ms. Slept 10.1 hours. Burned 519 active kcal. SpO2 97.0%."
2026-02-27,Friday,2026-W09,65.7,51.0,87.0,55.0,68.7,8504,6.13,432.1,1998.7,,,,,,73.8,,2.9,1,25.8,"Friday, 2026-02-27. 8,504 steps. Average HR 65.7 bpm. Resting HR 55.0 bpm. HRV 68.7 ms. Slept 2.9 hours. Burned 432 active kcal. 1 workout(s), 25 minutes total."
2026-02-28,Saturday,2026-W09,68.6,57.0,91.0,57.0,56.2,7165,5.16,409.8,1990.3,16,,,97.0,,,,8.3,1,55.0,"Saturday, 2026-02-28. 7,165 steps. Average HR 68.6 bpm. Resting HR 57.0 bpm. HRV 56.2 ms. Slept 8.3 hours. Burned 409 active kcal. 1 workout(s), 55 minutes total. SpO2 97.0%."
2026-03-01,Sunday,2026-W09,63.8,50.0,81.0,52.0,67.5,5912,4.26,257.7,2008.9,8,,,95.5,,,44.5,8.9,0,0,"Sunday, 2026-03-01. 5,912 steps. Average HR 63.8 bpm. Resting HR 52.0 bpm. HRV 67.5 ms. Slept 8.9 hours. Burned 257 active kcal. SpO2 95.5%. VO2max 44.5."
2026-03-02,Monday,2026-W10,62.5,50.0,75.0,54.0,61.3,3821,2.75,575.5,2044.7,13,,,96.0,15.2,73.8,,7.4,1,45.1,"Monday, 2026-03-02. 3,821 steps. Average HR 62.5 bpm. Resting HR 54.0 bpm. HRV 61.3 ms. Slept 7.4 hours. Burned 575 active kcal. 1 workout(s), 45 minutes total. SpO2 96.0%."
2026-03-03,Tuesday,2026-W10,64.7,51.0,80.0,54.0,46.7,9626,6.93,533.9,1978.4,18,,,96.0,,,,7.2,0,0,"Tuesday, 2026-03-03. 9,626 steps. Average HR 64.7 bpm. Resting HR 54.0 bpm. HRV 46.7 ms. Slept 7.2 hours. Burned 533 active kcal. SpO2 96.0%."
2026-03-04,Wednesday,2026-W10,67.2,49.0,90.0,56.0,49.1,7851,5.66,273.5,1986.3,18,,,96.0,13.9,,,7.3,0,0,"Wednesday, 2026-03-04. 7,851 steps. Average HR 67.2 bpm. Resting HR 56.0 bpm. HRV 49.1 ms. Slept 7.3 hours. Burned 273 active kcal. SpO2 96.0%."
2026-03-05,Thursday,2026-W10,70.9,60.0,87.0,61.0,64.6,13276,9.56,541.7,2012.0,14,,,,,,,7.9,1,66.4,"Thursday, 2026-03-05. 13,276 steps. Average HR 70.9 bpm. Resting HR 61.0 bpm. HRV 64.6 ms. Slept 7.9 hours. Burned 541 active kcal. 1 workout(s), 66 minutes total."
2026-03-06,Friday,2026-W10,67.0,47.0,81.0,56.0,47.2,9065,6.53,480.3,1973.2,15,,,,17.0,73.5,,7.8,0,0,"Friday, 2026-03-06. 9,065 steps. Average HR 67.0 bpm. Resting HR 56.0 bpm. HRV 47.2 ms. Slept 7.8 hours. Burned 480 active kcal."
2026-03-07,Saturday,2026-W10,64.2,50.0,79.0,54.0,71.9,13507,9.73,392.1,1994.2,12,,,,,,,7.3,0,0,"Saturday, 2026-03-07. 13,507 steps. Average HR 64.2 bpm. Resting HR 54.0 bpm. HRV 71.9 ms. Slept 7.3 hours. Burned 392 active kcal."
2026-03-08,Sunday,2026-W10,65.9,52.0,78.0,56.0,60.0,6170,4.45,232.8,2029.2,6,,,96.0,15.7,,,6.8,0,0,"Sunday, 2026-03-08. 6,170 steps. Average HR 65.9 bpm. Resting HR 56.0 bpm. HRV 60.0 ms. Slept 6.8 hours. Burned 232 active kcal. SpO2 96.0%."
2026-03-09,Monday,2026-W11,65.7,50.0,85.0,55.0,65.8,10376,7.47,523.7,1980.1,,,,,,73.2,,7.2,1,52.8,"Monday, 2026-03-09. 10,376 steps. Average HR 65.7 bpm. Resting HR 55.0 bpm. HRV 65.8 ms. Slept 7.2 hours. Burned 523 active kcal. 1 workout(s), 52 minutes total."
2026-03-10,Tuesday,2026-W11,67.6,48.0,82.0,56.0,59.9,10965,7.9,492.0,2012.1,18,,,96.0,,,,10.5,0,0,"Tuesday, 2026-03-10. 10,965 steps. Average HR 67.6 bpm. Resting HR 56.0 bpm. HRV 59.9 ms. Slept 10.5 hours. Burned 492 active kcal. SpO2 96.0%."
2026-03-11,Wednesday,2026-W11,69.5,52.0,95.0,59.0,59.4,9121,6.57,288.2,2025.2,,,,98.0,15.1,,,3.0,1,42.6,"Wednesday, 2026-03-11. 9,121 steps. Average HR 69.5 bpm. Resting HR 59.0 bpm. HRV 59.4 ms. Slept 3.0 hours. Burned 288 active kcal. 1 workout(s), 42 minutes total. SpO2 98.0%."
2026-03-12,Thursday,2026-W11,66.8,52.0,83.0,56.0,58.7,13834,9.96,332.7,1977.3,14,,,,14.2,,,7.2,1,64.0,"Thursday, 2026-03-12. 13,834 steps. Average HR 66.8 bpm. Resting HR 56.0 bpm. HRV 58.7 ms. Slept 7.2 hours. Burned 332 active kcal. 1 workout(s), 64 minutes total."
2026-03-13,Friday,2026-W11,70.1,56.0,91.0,59.0,57.3,8666,6.24,584.6,2012.7,,,,,,72.9,,6.6,0,0,"Friday, 2026-03-13. 8,666 steps. Average HR 70.1 bpm. Resting HR 59.0 bpm. HRV 57.3 ms. Slept 6.6 hours. Burned 584 active kcal."
2026-03-14,Saturday,2026-W11,64.8,49.0,81.0,54.0,53.6,6246,4.5,529.3,2060.9,,,,,14.2,,,5.8,1,47.7,"Saturday, 2026-03-14. 6,246 steps. Average HR 64.8 bpm. Resting HR 54.0 bpm. HRV 53.6 ms. Slept 5.8 hours. Burned 529 active kcal. 1 workout(s), 47 minutes total."
2026-03-15,Sunday,2026-W11,71.1,57.0,86.0,60.0,40.6,5688,4.1,246.3,1975.4,10,,,97.0,12.8,,,8.0,0,0,"Sunday, 2026-03-15. 5,688 steps. Average HR 71.1 bpm. Resting HR 60.0 bpm. HRV 40.6 ms. Slept 8.0 hours. Burned 246 active kcal. SpO2 97.0%."
2026-03-16,Monday,2026-W12,65.9,54.0,82.0,56.0,62.1,7875,5.67,463.1,2050.1,16,,,,16.3,72.9,,7.0,1,61.6,"Monday, 2026-03-16. 7,875 steps. Average HR 65.9 bpm. Resting HR 56.0 bpm. HRV 62.1 ms. Slept 7.0 hours. Burned 463 active kcal. 1 workout(s), 61 minutes total."
2026-03-17,Tuesday,2026-W12,68.9,55.0,84.0,58.0,51.2,12434,8.96,414.9,2045.0,14,,,97.0,,,,7.3,0,0,"Tuesday, 2026-03-17. 12,434 steps. Average HR 68.9 bpm. Resting HR 58.0 bpm. HRV 51.2 ms. Slept 7.3 hours. Burned 414 active kcal. SpO2 97.0%."
2026-03-18,Wednesday,2026-W12,65.8,51.0,79.0,55.0,58.0,9775,7.04,263.9,1977.3,,,,98.0,18.9,,,10.2,1,24.5,"Wednesday, 2026-03-18. 9,775 steps. Average HR 65.8 bpm. Resting HR 55.0 bpm. HRV 58.0 ms. Slept 10.2 hours. Burned 263 active kcal. 1 workout(s), 24 minutes total. SpO2 98.0%."
2026-03-19,Thursday,2026-W12,69.7,57.0,85.0,59.0,65.4,12503,9.01,504.2,2027.2,15,,,96.0,14.5,,,2.8,1,34.0,"Thursday, 2026-03-19. 12,503 steps. Average HR 69.7 bpm. Resting HR 59.0 bpm. HRV 65.4 ms. Slept 2.8 hours. Burned 504 active kcal. 1 workout(s), 34 minutes total. SpO2 96.0%."
2026-03-20,Friday,2026-W12,69.5,51.0,87.0,58.0,57.2,9082,6.54,499.2,2004.2,15,,,,14.8,72.8,,6.5,0,0,"Friday, 2026-03-20. 9,082 steps. Average HR 69.5 bpm. Resting HR 58.0 bpm. HRV 57.2 ms. Slept 6.5 hours. Burned 499 active kcal."
2026-03-21,Saturday,2026-W12,63.4,50.0,77.0,52.0,59.5,10830,7.8,617.8,2036.8,6,,,97.0,19.3,,,7.6,1,43.1,"Saturday, 2026-03-21. 10,830 steps. Average HR 63.4 bpm. Resting HR 52.0 bpm. HRV 59.5 ms. Slept 7.6 hours. Burned 617 active kcal. 1 workout(s), 43 minutes total. SpO2 97.0%."
2026-03-22,Sunday,2026-W12,71.4,55.0,87.0,61.0,47.5,3864,2.79,285.7,2046.2,9,,,96.5,,,,8.4,0,0,"Sunday, 2026-03-22. 3,864 steps. Average HR 71.4 bpm. Resting HR 61.0 bpm. HRV 47.5 ms. Slept 8.4 hours. Burned 285 active kcal. SpO2 96.5%."
2026-03-23,Monday,2026-W13,62.4,51.0,76.0,51.0,62.9,10379,7.48,438.0,2029.8,5,,,97.0,13.5,72.7,,10.5,1,51.3,"Monday, 2026-03-23. 10,379 steps. Average HR 62.4 bpm. Resting HR 51.0 bpm. HRV 62.9 ms. Slept 10.5 hours. Burned 438 active kcal. 1 workout(s), 51 minutes total. SpO2 97.0%."
2026-03-24,Tuesday,2026-W13,65.0,49.0,82.0,55.0,63.1,8702,6.27,451.6,2025.2,9,,,97.0,16.6,,,3.2,1,43.3,"Tuesday, 2026-03-24. 8,702 steps. Average HR 65.0 bpm. Resting HR 55.0 bpm. HRV 63.1 ms. Slept 3.2 hours. Burned 451 active kcal. 1 workout(s), 43 minutes total. SpO2 97.0%."
2026-03-25,Wednesday,2026-W13,68.0,56.0,86.0,57.0,59.0,7676,5.53,300.2,2075.9,5,,,96.0,15.6,,,7.6,1,39.0,"Wednesday, 2026-03-25. 7,676 steps. Average HR 68.0 bpm. Resting HR 57.0 bpm. HRV 59.0 ms. Slept 7.6 hours. Burned 300 active kcal. 1 workout(s), 39 minutes total. SpO2 96.0%."
2026-03-26,Thursday,2026-W13,64.6,49.0,80.0,54.0,62.0,17379,12.52,528.8,2022.3,14,,,,,,,6.7,0,0,"Thursday, 2026-03-26. 17,379 steps. Average HR 64.6 bpm. Resting HR 54.0 bpm. HRV 62.0 ms. Slept 6.7 hours. Burned 528 active kcal."
2026-03-27,Friday,2026-W13,63.2,49.0,79.0,52.0,65.4,5260,3.79,520.6,2049.3,5,,,,13.6,,,7.5,0,0,"Friday, 2026-03-27. 5,260 steps. Average HR 63.2 bpm. Resting HR 52.0 bpm. HRV 65.4 ms. Slept 7.5 hours. Burned 520 active kcal."
2026-03-28,Saturday,2026-W13,66.0,53.0,82.0,55.0,62.1,12151,8.75,512.8,2013.7,16,,,97.0,,,,6.4,0,0,"Saturday, 2026-03-28. 12,151 steps. Average HR 66.0 bpm. Resting HR 55.0 bpm. HRV 62.1 ms. Slept 6.4 hours. Burned 512 active kcal. SpO2 97.0%."
2026-03-29,Sunday,2026-W13,66.5,51.0,79.0,56.0,71.8,5320,3.83,407.9,2044.4,12,,,95.0,15.8,,44.9,7.2,0,0,"Sunday, 2026-03-29. 5,320 steps. Average HR 66.5 bpm. Resting HR 56.0 bpm. HRV 71.8 ms. Slept 7.2 hours. Burned 407 active kcal. SpO2 95.0%. VO2max 44.9."
2026-03-30,Monday,2026-W14,63.8,49.0,78.0,53.0,52.4,12454,8.97,423.8,2020.8,2,,,96.0,16.3,72.7,,11.3,1,27.8,"Monday, 2026-03-30. 12,454 steps. Average HR 63.8 bpm. Resting HR 53.0 bpm. HRV 52.4 ms. Slept 11.3 hours. Burned 423 active kcal. 1 workout(s), 27 minutes total. SpO2 96.0%."
2026-03-31,Tuesday,2026-W14,63.1,50.0,79.0,52.0,60.4,10599,7.63,404.9,2026.7,10,,,97.0,14.1,,,6.5,1,74.2,"Tuesday, 2026-03-31. 10,599 steps. Average HR 63.1 bpm. Resting HR 52.0 bpm. HRV 60.4 ms. Slept 6.5 hours. Burned 404 active kcal. 1 workout(s), 74 minutes total. SpO2 97.0%."
2026-04-01,Wednesday,2026-W14,66.7,54.0,87.0,56.0,63.1,9865,7.11,308.8,1980.6,12,,,,,,,3.0,0,0,"Wednesday, 2026-04-01. 9,865 steps. Average HR 66.7 bpm. Resting HR 56.0 bpm. HRV 63.1 ms. Slept 3.0 hours. Burned 308 active kcal."
2026-04-02,Thursday,2026-W14,67.7,54.0,86.0,57.0,55.4,12208,8.79,487.2,2041.0,11,,,,16.3,,,8.0,1,31.4,"Thursday, 2026-04-02. 12,208 steps. Average HR 67.7 bpm. Resting HR 57.0 bpm. HRV 55.4 ms. Slept 8.0 hours. Burned 487 active kcal. 1 workout(s), 31 minutes total."
2026-04-03,Friday,2026-W14,65.3,52.0,78.0,54.0,58.8,11080,7.98,563.6,2069.5,15,,,,,,,8.6,1,28.0,"Friday, 2026-04-03. 11,080 steps. Average HR 65.3 bpm. Resting HR 54.0 bpm. HRV 58.8 ms. Slept 8.6 hours. Burned 563 active kcal. 1 workout(s), 28 minutes total."
2026-04-04,Saturday,2026-W14,64.5,52.0,78.0,54.0,71.3,13544,9.76,556.5,2052.2,17,,,,16.5,,,6.6,1,71.9,"Saturday, 2026-04-04. 13,544 steps. Average HR 64.5 bpm. Resting HR 54.0 bpm. HRV 71.3 ms. Slept 6.6 hours. Burned 556 active kcal. 1 workout(s), 71 minutes total."
2026-04-05,Sunday,2026-W14,64.2,48.0,77.0,53.0,68.2,5782,4.17,405.3,2025.7,5,,,95.0,,,44.9,9.0,0,0,"Sunday, 2026-04-05. 5,782 steps. Average HR 64.2 bpm. Resting HR 53.0 bpm. HRV 68.2 ms. Slept 9.0 hours. Burned 405 active kcal. SpO2 95.0%. VO2max 44.9."
2026-04-06,Monday,2026-W15,65.0,50.0,78.0,53.0,52.3,11140,8.03,610.6,2058.3,,,,,13.6,,,11.7,0,0,"Monday, 2026-04-06. 11,140 steps. Average HR 65.0 bpm. Resting HR 53.0 bpm. HRV 52.3 ms. Slept 11.7 hours. Burned 610 active kcal."
2026-04-07,Tuesday,2026-W15,65.8,54.0,81.0,56.0,65.1,8287,5.97,506.5,2005.4,12,,,98.0,,,,3.3,1,39.5,"Tuesday, 2026-04-07. 8,287 steps. Average HR 65.8 bpm. Resting HR 56.0 bpm. HRV 65.1 ms. Slept 3.3 hours. Burned 506 active kcal. 1 workout(s), 39 minutes total. SpO2 98.0%."
2026-04-08,Wednesday,2026-W15,66.1,45.0,81.0,55.0,44.6,7538,5.43,281.5,1986.7,,,,98.0,,,,10.2,1,12.7,"Wednesday, 2026-04-08. 7,538 steps. Average HR 66.1 bpm. Resting HR 55.0 bpm. HRV 44.6 ms. Slept 10.2 hours. Burned 281 active kcal. 1 workout(s), 12 minutes total. SpO2 98.0%."
2026-04-09,Thursday,2026-W15,65.9,53.0,88.0,55.0,55.3,9746,7.02,549.8,1976.8,4,,,97.0,,,,3.0,0,0,"Thursday, 2026-04-09. 9,746 steps. Average HR 65.9 bpm. Resting HR 55.0 bpm. HRV 55.3 ms. Slept 3.0 hours. Burned 549 active kcal. SpO2 97.0%."
2026-04-10,Friday,2026-W15,68.3,48.0,87.0,56.0,57.8,11977,8.63,607.9,2032.5,16,,,,,73.1,,6.8,1,54.8,"Friday, 2026-04-10. 11,977 steps. Average HR 68.3 bpm. Resting HR 56.0 bpm. HRV 57.8 ms. Slept 6.8 hours. Burned 607 active kcal. 1 workout(s), 54 minutes total."
2026-04-11,Saturday,2026-W15,67.4,48.0,83.0,57.0,57.3,9630,6.94,561.3,1977.6,8,,,,,,,6.9,1,60.8,"Saturday, 2026-04-11. 9,630 steps. Average HR 67.4 bpm. Resting HR 57.0 bpm. HRV 57.3 ms. Slept 6.9 hours. Burned 561 active kcal. 1 workout(s), 60 minutes total."
2026-04-12,Sunday,2026-W15,66.6,54.0,82.0,56.0,51.2,5340,3.85,290.9,2028.7,18,,,98.5,14.1,,45.0,7.7,0,0,"Sunday, 2026-04-12. 5,340 steps. Average HR 66.6 bpm. Resting HR 56.0 bpm. HRV 51.2 ms. Slept 7.7 hours. Burned 290 active kcal. SpO2 98.5%. VO2max 45.0."
2026-04-13,Monday,2026-W16,66.5,52.0,89.0,57.0,62.7,9670,6.97,500.6,2009.3,17,,,99.0,,,,5.7,1,45.0,"Monday, 2026-04-13. 9,670 steps. Average HR 66.5 bpm. Resting HR 57.0 bpm. HRV 62.7 ms. Slept 5.7 hours. Burned 500 active kcal. 1 workout(s), 45 minutes total. SpO2 99.0%."
2026-04-14,Tuesday,2026-W16,67.8,54.0,82.0,57.0,46.8,9550,6.88,514.6,2052.7,,,,,,,,5.0,0,0,"Tuesday, 2026-04-14. 9,550 steps. Average HR 67.8 bpm. Resting HR 57.0 bpm. HRV 46.8 ms. Slept 5.0 hours. Burned 514 active kcal."
